"Month","Labour force status - current month","Labour force status - previous month","Persons - current month ('000)","flow_group","ma"
2002-11-01,"Unemployed","Employed",73.906420451,"Employed to Unemployed",73.906420451
2002-12-01,"Unemployed","Employed",62.533569793,"Employed to Unemployed",68.219995122
2003-01-01,"Unemployed","Employed",126.33735684,"Employed to Unemployed",87.592449028
2003-02-01,"Unemployed","Employed",71.169093652,"Employed to Unemployed",83.486610184
2003-03-01,"Unemployed","Employed",72.358093792,"Employed to Unemployed",81.2609069056
2003-04-01,"Unemployed","Employed",64.568713877,"Employed to Unemployed",78.4788747341667
2003-05-01,"Unemployed","Employed",79.911789681,"Employed to Unemployed",78.6835768694286
2003-06-01,"Unemployed","Employed",66.63721739,"Employed to Unemployed",77.1777819345
2003-07-01,"Unemployed","Employed",58.965349316,"Employed to Unemployed",75.1541783102222
2003-08-01,"Unemployed","Employed",69.202841015,"Employed to Unemployed",74.5590445807
2003-09-01,"Unemployed","Employed",55.645196215,"Employed to Unemployed",72.8396038201818
2003-10-01,"Unemployed","Employed",62.031023333,"Employed to Unemployed",71.9388887795833
2003-11-01,"Unemployed","Employed",64.383647036,"Employed to Unemployed",71.3577163377692
2003-12-01,"Unemployed","Employed",69.57361721,"Employed to Unemployed",71.0244237807692
2004-01-01,"Unemployed","Employed",98.524877602,"Employed to Unemployed",73.7929859199231
2004-02-01,"Unemployed","Employed",70.830234792,"Employed to Unemployed",69.5232073008462
2004-03-01,"Unemployed","Employed",61.383936116,"Employed to Unemployed",68.770502875
2004-04-01,"Unemployed","Employed",74.215888142,"Employed to Unemployed",68.9134101326923
2004-05-01,"Unemployed","Employed",58.241839034,"Employed to Unemployed",68.4267274524615
2004-06-01,"Unemployed","Employed",65.450191617,"Employed to Unemployed",67.3142968321538
2004-07-01,"Unemployed","Employed",65.393219228,"Employed to Unemployed",67.2186046658462
2004-08-01,"Unemployed","Employed",70.413603928,"Employed to Unemployed",68.099239636
2004-09-01,"Unemployed","Employed",61.987005173,"Employed to Unemployed",67.5441753404615
2004-10-01,"Unemployed","Employed",67.54739101,"Employed to Unemployed",68.4597287862308
2004-11-01,"Unemployed","Employed",63.540582238,"Employed to Unemployed",68.575848702
2004-12-01,"Unemployed","Employed",60.865042203,"Employed to Unemployed",68.3051867917692
2005-01-01,"Unemployed","Employed",110.923938339,"Employed to Unemployed",71.4859807247692
2005-02-01,"Unemployed","Employed",85.611090966,"Employed to Unemployed",70.492612522
2005-03-01,"Unemployed","Employed",71.241406146,"Employed to Unemployed",70.5242410876923
2005-04-01,"Unemployed","Employed",74.141442452,"Employed to Unemployed",71.5055877289231
2005-05-01,"Unemployed","Employed",68.790312189,"Employed to Unemployed",71.0882357325385
2005-06-01,"Unemployed","Employed",60.606608157,"Employed to Unemployed",71.2701410496923
2005-07-01,"Unemployed","Employed",57.797298245,"Employed to Unemployed",70.6814569441539
2005-08-01,"Unemployed","Employed",69.054922537,"Employed to Unemployed",70.9631264294615
2005-09-01,"Unemployed","Employed",64.918950862,"Employed to Unemployed",70.540460809
2005-10-01,"Unemployed","Employed",63.893440123,"Employed to Unemployed",70.6871096513077
2005-11-01,"Unemployed","Employed",58.055124273,"Employed to Unemployed",69.9569352869231
2005-12-01,"Unemployed","Employed",66.039735013,"Employed to Unemployed",70.1491778080769
2006-01-01,"Unemployed","Employed",109.662252422,"Employed to Unemployed",73.9028093633846
2006-02-01,"Unemployed","Employed",70.746189584,"Employed to Unemployed",70.8122133053077
2006-03-01,"Unemployed","Employed",60.276010799,"Employed to Unemployed",68.8633609847692
2006-04-01,"Unemployed","Employed",74.938682532,"Employed to Unemployed",69.1477668606154
2006-05-01,"Unemployed","Employed",59.735354011,"Employed to Unemployed",68.0396062113077
2006-06-01,"Unemployed","Employed",59.712384495,"Employed to Unemployed",67.341304081
2006-07-01,"Unemployed","Employed",49.393042133,"Employed to Unemployed",66.4787220791538
2006-08-01,"Unemployed","Employed",62.888913425,"Employed to Unemployed",66.8703847853077
2006-09-01,"Unemployed","Employed",60.386443076,"Employed to Unemployed",66.2035786729231
2006-10-01,"Unemployed","Employed",59.246226484,"Employed to Unemployed",65.7672152592308
2006-11-01,"Unemployed","Employed",62.142580014,"Employed to Unemployed",65.6325337123846
2006-12-01,"Unemployed","Employed",55.879106181,"Employed to Unemployed",65.4651477053077
2007-01-01,"Unemployed","Employed",107.051240126,"Employed to Unemployed",68.6198788678462
2007-02-01,"Unemployed","Employed",84.998628063,"Employed to Unemployed",66.7226769940769
2007-03-01,"Unemployed","Employed",63.721318269,"Employed to Unemployed",66.1823022775385
2007-04-01,"Unemployed","Employed",66.941345715,"Employed to Unemployed",66.695020348
2007-05-01,"Unemployed","Employed",65.915086663,"Employed to Unemployed",66.0008975888462
2007-06-01,"Unemployed","Employed",73.557279449,"Employed to Unemployed",67.0641226225385
2007-07-01,"Unemployed","Employed",60.566297355,"Employed to Unemployed",67.1298082271538
2007-08-01,"Unemployed","Employed",65.19156325,"Employed to Unemployed",68.3450790823077
2007-09-01,"Unemployed","Employed",63.214153285,"Employed to Unemployed",68.3700975330769
2007-10-01,"Unemployed","Employed",54.467534688,"Employed to Unemployed",67.9147968878462
2007-11-01,"Unemployed","Employed",68.152558673,"Employed to Unemployed",68.5998993639231
2007-12-01,"Unemployed","Employed",58.650725529,"Employed to Unemployed",68.3312951727692
2008-01-01,"Unemployed","Employed",94.984634489,"Employed to Unemployed",71.3394127349231
2008-02-01,"Unemployed","Employed",71.394312594,"Employed to Unemployed",68.5965721555385
2008-03-01,"Unemployed","Employed",62.601049535,"Employed to Unemployed",66.8736814995385
2008-04-01,"Unemployed","Employed",56.065876987,"Employed to Unemployed",66.2848014009231
2008-05-01,"Unemployed","Employed",69.381932985,"Employed to Unemployed",66.4725388832308
2008-06-01,"Unemployed","Employed",63.88136466,"Employed to Unemployed",66.3160987291539
2008-07-01,"Unemployed","Employed",67.618408269,"Employed to Unemployed",65.8592624845385
2008-08-01,"Unemployed","Employed",67.206411717,"Employed to Unemployed",66.3700405123846
2008-09-01,"Unemployed","Employed",59.638835722,"Employed to Unemployed",65.9429076256154
2008-10-01,"Unemployed","Employed",60.158104423,"Employed to Unemployed",65.7078269439231
2008-11-01,"Unemployed","Employed",76.023308774,"Employed to Unemployed",67.3659634120769
2008-12-01,"Unemployed","Employed",65.034494607,"Employed to Unemployed",67.1261123300769
2009-01-01,"Unemployed","Employed",107.960321383,"Employed to Unemployed",70.919158165
2009-02-01,"Unemployed","Employed",93.76392057,"Employed to Unemployed",70.8252570943077
2009-03-01,"Unemployed","Employed",83.384228989,"Employed to Unemployed",71.7475583554615
2009-04-01,"Unemployed","Employed",85.459517733,"Employed to Unemployed",73.505902063
2009-05-01,"Unemployed","Employed",87.384663532,"Employed to Unemployed",75.9150394895385
2009-06-01,"Unemployed","Employed",75.901743321,"Employed to Unemployed",76.4165633615385
2009-07-01,"Unemployed","Employed",70.496452952,"Employed to Unemployed",76.9254163070769
2009-08-01,"Unemployed","Employed",92.492940047,"Employed to Unemployed",78.8388418284615
2009-09-01,"Unemployed","Employed",68.401376029,"Employed to Unemployed",78.9307621601538
2009-10-01,"Unemployed","Employed",77.132605643,"Employed to Unemployed",80.2764367694615
2009-11-01,"Unemployed","Employed",59.419726969,"Employed to Unemployed",80.2196385037692
2009-12-01,"Unemployed","Employed",64.302613742,"Employed to Unemployed",79.3180465782308
2010-01-01,"Unemployed","Employed",121.115867143,"Employed to Unemployed",83.6319983117692
2010-02-01,"Unemployed","Employed",80.89149602,"Employed to Unemployed",81.5497809761539
2010-03-01,"Unemployed","Employed",75.680003274,"Employed to Unemployed",80.1587104149231
2010-04-01,"Unemployed","Employed",81.841035771,"Employed to Unemployed",80.0400032443077
2010-05-01,"Unemployed","Employed",75.739960166,"Employed to Unemployed",79.2923449699231
2010-06-01,"Unemployed","Employed",65.559035501,"Employed to Unemployed",77.613450506
2010-07-01,"Unemployed","Employed",78.016986032,"Employed to Unemployed",77.7761614837692
2010-08-01,"Unemployed","Employed",70.737239843,"Employed to Unemployed",77.7946835523077
2010-09-01,"Unemployed","Employed",62.070103349,"Employed to Unemployed",75.4544653447692
2010-10-01,"Unemployed","Employed",68.425563576,"Employed to Unemployed",75.4563259253077
2010-11-01,"Unemployed","Employed",65.963675241,"Employed to Unemployed",74.5971774328462
2010-12-01,"Unemployed","Employed",57.75185133,"Employed to Unemployed",74.4688793067692
2011-01-01,"Unemployed","Employed",113.092686738,"Employed to Unemployed",78.2219618449231
2011-02-01,"Unemployed","Employed",73.894827292,"Employed to Unemployed",74.5895741640769
2011-03-01,"Unemployed","Employed",71.766478653,"Employed to Unemployed",73.8876497512308
2011-04-01,"Unemployed","Employed",83.632472743,"Employed to Unemployed",74.4993781719231
2011-05-01,"Unemployed","Employed",66.014689797,"Employed to Unemployed",73.2819669431538
2011-06-01,"Unemployed","Employed",59.307252041,"Employed to Unemployed",72.017912472
2011-07-01,"Unemployed","Employed",75.981821105,"Employed to Unemployed",72.8196652107692
2011-08-01,"Unemployed","Employed",79.475560221,"Employed to Unemployed",72.9318632253077
2011-09-01,"Unemployed","Employed",69.528714043,"Employed to Unemployed",72.8388997022308
2011-10-01,"Unemployed","Employed",70.741968052,"Employed to Unemployed",73.5059662178462
2011-11-01,"Unemployed","Employed",76.742729634,"Employed to Unemployed",74.1457482223077
2011-12-01,"Unemployed","Employed",70.324339451,"Employed to Unemployed",74.4811839307692
2012-01-01,"Unemployed","Employed",103.21864056,"Employed to Unemployed",77.9786292561539
2012-02-01,"Unemployed","Employed",82.397716296,"Employed to Unemployed",75.6174776836923
2012-03-01,"Unemployed","Employed",73.769859046,"Employed to Unemployed",75.6078647416923
2012-04-01,"Unemployed","Employed",75.002683109,"Employed to Unemployed",75.856803546
2012-05-01,"Unemployed","Employed",73.683906718,"Employed to Unemployed",75.0915292363846
2012-06-01,"Unemployed","Employed",78.876143761,"Employed to Unemployed",76.080871849
2012-07-01,"Unemployed","Employed",68.082144569,"Employed to Unemployed",76.7558635819231
2012-08-01,"Unemployed","Employed",72.233328158,"Employed to Unemployed",76.4675179706154
2012-09-01,"Unemployed","Employed",72.364619509,"Employed to Unemployed",75.9205225312308
2012-10-01,"Unemployed","Employed",71.938497664,"Employed to Unemployed",76.1058905020769
2012-11-01,"Unemployed","Employed",67.852732394,"Employed to Unemployed",75.8836416053077
2012-12-01,"Unemployed","Employed",79.458749572,"Employed to Unemployed",76.0925662159231
2013-01-01,"Unemployed","Employed",101.69159314,"Employed to Unemployed",78.5054318843077
2013-02-01,"Unemployed","Employed",92.795685072,"Employed to Unemployed",77.7036660775385
2013-03-01,"Unemployed","Employed",83.579800999,"Employed to Unemployed",77.7945956700769
2013-04-01,"Unemployed","Employed",69.952255869,"Employed to Unemployed",77.5009338872308
2013-05-01,"Unemployed","Employed",65.928792308,"Employed to Unemployed",76.8029422871539
2013-06-01,"Unemployed","Employed",66.387494663,"Employed to Unemployed",76.2416798213846
2013-07-01,"Unemployed","Employed",52.46129481,"Employed to Unemployed",74.2097683636154
2013-08-01,"Unemployed","Employed",77.185089391,"Employed to Unemployed",74.9099948883846
2013-09-01,"Unemployed","Employed",75.024024832,"Employed to Unemployed",75.1246638633077
2013-10-01,"Unemployed","Employed",74.705420899,"Employed to Unemployed",75.3047255086923
2013-11-01,"Unemployed","Employed",77.887147891,"Employed to Unemployed",75.7623139876923
2013-12-01,"Unemployed","Employed",67.991422838,"Employed to Unemployed",75.7729824833846
2014-01-01,"Unemployed","Employed",127.88044595,"Employed to Unemployed",79.4977283586154
2014-02-01,"Unemployed","Employed",96.991110424,"Employed to Unemployed",79.1361527650769
2014-03-01,"Unemployed","Employed",75.314216557,"Employed to Unemployed",77.7914244177692
2014-04-01,"Unemployed","Employed",84.115453091,"Employed to Unemployed",77.8326284248462
2014-05-01,"Unemployed","Employed",88.672552841,"Employed to Unemployed",79.2726512688462
2014-06-01,"Unemployed","Employed",86.189889354,"Employed to Unemployed",80.8311971954615
2014-07-01,"Unemployed","Employed",78.973736587,"Employed to Unemployed",81.7993696511539
2014-08-01,"Unemployed","Employed",84.83470897,"Employed to Unemployed",84.2896322788462
2014-09-01,"Unemployed","Employed",69.379305682,"Employed to Unemployed",83.6891873781538
2014-10-01,"Unemployed","Employed",74.79970899,"Employed to Unemployed",83.6719323133846
2014-11-01,"Unemployed","Employed",83.199339381,"Employed to Unemployed",84.3253106581539
2014-12-01,"Unemployed","Employed",71.343867211,"Employed to Unemployed",83.8219813750769
2015-01-01,"Unemployed","Employed",127.189923193,"Employed to Unemployed",88.3757121716154
2015-02-01,"Unemployed","Employed",79.344322866,"Employed to Unemployed",84.6421642420769
2015-03-01,"Unemployed","Employed",80.134709258,"Employed to Unemployed",83.3455179985385
2015-04-01,"Unemployed","Employed",95.2395257,"Employed to Unemployed",84.8782340864615
2015-05-01,"Unemployed","Employed",72.980090157,"Employed to Unemployed",84.0216677069231
2015-06-01,"Unemployed","Employed",80.741882043,"Employed to Unemployed",83.4116161070769
2015-07-01,"Unemployed","Employed",90.459184495,"Employed to Unemployed",83.7400234256154
2015-08-01,"Unemployed","Employed",90.173807752,"Employed to Unemployed",84.6015673613846
2015-09-01,"Unemployed","Employed",65.579635744,"Employed to Unemployed",83.1204078824615
2015-10-01,"Unemployed","Employed",72.93226439,"Employed to Unemployed",83.3937123984615
2015-11-01,"Unemployed","Employed",84.099925181,"Employed to Unemployed",84.1091136439231
2015-12-01,"Unemployed","Employed",69.416616474,"Employed to Unemployed",83.0489041895385
2016-01-01,"Unemployed","Employed",120.860251034,"Employed to Unemployed",86.8578567913077
2016-02-01,"Unemployed","Employed",85.888206422,"Employed to Unemployed",83.6808016550769
2016-03-01,"Unemployed","Employed",76.239208619,"Employed to Unemployed",83.441946713
2016-04-01,"Unemployed","Employed",78.653985307,"Employed to Unemployed",83.3280448706154
2016-05-01,"Unemployed","Employed",76.22142524,"Employed to Unemployed",81.865114066
2016-06-01,"Unemployed","Employed",64.011565494,"Employed to Unemployed",81.1752275534615
2016-07-01,"Unemployed","Employed",87.379030369,"Employed to Unemployed",81.6857774246923
2016-08-01,"Unemployed","Employed",73.932780578,"Employed to Unemployed",80.4145155849231
2016-09-01,"Unemployed","Employed",56.438251048,"Employed to Unemployed",77.8194727615385
2016-10-01,"Unemployed","Employed",86.025350428,"Employed to Unemployed",79.3922200449231
2016-11-01,"Unemployed","Employed",74.355500445,"Employed to Unemployed",79.5016997414615
2016-12-01,"Unemployed","Employed",80.721019221,"Employed to Unemployed",79.2417838983846
2017-01-01,"Unemployed","Employed",132.898883941,"Employed to Unemployed",84.125035242
2017-02-01,"Unemployed","Employed",94.459920239,"Employed to Unemployed",82.0942405654615
2017-03-01,"Unemployed","Employed",72.432000453,"Employed to Unemployed",81.0591477986154
2017-04-01,"Unemployed","Employed",90.933886337,"Employed to Unemployed",82.1895076230769
2017-05-01,"Unemployed","Employed",67.148542183,"Employed to Unemployed",81.3044735366154
2017-06-01,"Unemployed","Employed",78.283709226,"Employed to Unemployed",81.4631107663077
2017-07-01,"Unemployed","Employed",86.508834243,"Employed to Unemployed",83.1936699008462
2017-08-01,"Unemployed","Employed",89.629303454,"Employed to Unemployed",83.3667678304615
2017-09-01,"Unemployed","Employed",74.307458717,"Employed to Unemployed",83.3955892257692
2017-10-01,"Unemployed","Employed",77.244064658,"Employed to Unemployed",84.9960364265385
2017-11-01,"Unemployed","Employed",65.06021743,"Employed to Unemployed",83.3833338882308
2017-12-01,"Unemployed","Employed",74.536064156,"Employed to Unemployed",83.3972234044615
2018-01-01,"Unemployed","Employed",121.412464464,"Employed to Unemployed",86.527334577
2018-02-01,"Unemployed","Employed",89.691444936,"Employed to Unemployed",83.2036854227692
2018-03-01,"Unemployed","Employed",80.727307956,"Employed to Unemployed",82.1473306317692
2018-04-01,"Unemployed","Employed",58.683689929,"Employed to Unemployed",81.0897682837692
2018-05-01,"Unemployed","Employed",77.149521273,"Employed to Unemployed",80.0294325096154
2018-06-01,"Unemployed","Employed",77.264402162,"Employed to Unemployed",80.8075755849231
2018-07-01,"Unemployed","Employed",79.536456595,"Employed to Unemployed",80.9039407671538
2018-08-01,"Unemployed","Employed",75.905472338,"Employed to Unemployed",80.0882975436923
2018-09-01,"Unemployed","Employed",53.76271205,"Employed to Unemployed",77.3293289741539
2018-10-01,"Unemployed","Employed",66.73671396,"Employed to Unemployed",76.7469639928462
2018-11-01,"Unemployed","Employed",73.091123498,"Employed to Unemployed",76.4275069805385
2018-12-01,"Unemployed","Employed",62.476815676,"Employed to Unemployed",76.2287837686923
2019-01-01,"Unemployed","Employed",128.148289169,"Employed to Unemployed",80.3528010773846
2019-02-01,"Unemployed","Employed",83.769639275,"Employed to Unemployed",77.4571991397692
2019-03-01,"Unemployed","Employed",78.622589965,"Employed to Unemployed",76.6057487573846
2019-04-01,"Unemployed","Employed",75.899399993,"Employed to Unemployed",76.2343712217692
2019-05-01,"Unemployed","Employed",79.595815662,"Employed to Unemployed",77.8429962781538
2019-06-01,"Unemployed","Employed",88.211220413,"Employed to Unemployed",78.693896212
2019-07-01,"Unemployed","Employed",88.555283165,"Employed to Unemployed",79.5624255199231
2019-08-01,"Unemployed","Employed",87.765539024,"Employed to Unemployed",80.1954318606154
2019-09-01,"Unemployed","Employed",62.416039654,"Employed to Unemployed",79.1577831926154
2019-10-01,"Unemployed","Employed",84.365840009,"Employed to Unemployed",81.5118699586923
2019-11-01,"Unemployed","Employed",78.521038886,"Employed to Unemployed",82.4183564914615
2019-12-01,"Unemployed","Employed",61.979914462,"Employed to Unemployed",81.5636481040769
2020-01-01,"Unemployed","Employed",148.609658041,"Employed to Unemployed",88.1892513629231
2020-02-01,"Unemployed","Employed",82.93855975,"Employed to Unemployed",84.7115798691539
2020-03-01,"Unemployed","Employed",96.685768249,"Employed to Unemployed",85.7051282517692
2020-04-01,"Unemployed","Employed",223.248092157,"Employed to Unemployed",96.8301668819231
2020-05-01,"Unemployed","Employed",176.565512842,"Employed to Unemployed",104.573714024154
2020-06-01,"Unemployed","Employed",94.913950558,"Employed to Unemployed",105.752032093077
2020-07-01,"Unemployed","Employed",97.587449864,"Employed to Unemployed",106.473280512385
2020-08-01,"Unemployed","Employed",95.873375439,"Employed to Unemployed",107.036210687308
2020-09-01,"Unemployed","Employed",75.035539868,"Employed to Unemployed",106.056979983
2020-10-01,"Unemployed","Employed",81.027005002,"Employed to Unemployed",107.488592702077
2020-11-01,"Unemployed","Employed",74.798412024,"Employed to Unemployed",106.752636703231
2020-12-01,"Unemployed","Employed",77.076040801,"Employed to Unemployed",106.641483004385
2021-01-01,"Unemployed","Employed",135.741586746,"Employed to Unemployed",112.315457795462
2021-02-01,"Unemployed","Employed",82.11633085,"Employed to Unemployed",107.200586473077
2021-03-01,"Unemployed","Employed",74.502038324,"Employed to Unemployed",106.551623286462
2021-04-01,"Unemployed","Employed",79.725296911,"Employed to Unemployed",105.246971645077
2021-05-01,"Unemployed","Employed",73.108332691,"Employed to Unemployed",93.6977593784615
2021-06-01,"Unemployed","Employed",69.935133563,"Employed to Unemployed",85.4954225108462
2021-07-01,"Unemployed","Employed",103.233516677,"Employed to Unemployed",86.1353891353846
2021-08-01,"Unemployed","Employed",106.925871725,"Employed to Unemployed",86.8537292785385
2021-09-01,"Unemployed","Employed",93.314503435,"Employed to Unemployed",86.6568929705385
2021-10-01,"Unemployed","Employed",87.816700781,"Employed to Unemployed",87.6400591946154
2021-11-01,"Unemployed","Employed",68.027182671,"Employed to Unemployed",86.6400728614615
2021-12-01,"Unemployed","Employed",60.913086688,"Employed to Unemployed",85.5719709125385
2022-01-01,"Unemployed","Employed",126.524149177,"Employed to Unemployed",89.3756715568462
2022-02-01,"Unemployed","Employed",73.402333169,"Employed to Unemployed",84.5803443586154
2022-03-01,"Unemployed","Employed",65.906195158,"Employed to Unemployed",83.3334108438462
2022-04-01,"Unemployed","Employed",87.300753605,"Employed to Unemployed",84.3179274039231
2022-05-01,"Unemployed","Employed",63.712753286,"Employed to Unemployed",83.0861932789231
2022-06-01,"Unemployed","Employed",51.01962641,"Employed to Unemployed",81.3870620265385
2022-07-01,"Unemployed","Employed",70.513161679,"Employed to Unemployed",81.4315257277692
2022-08-01,"Unemployed","Employed",70.924503896,"Employed to Unemployed",78.9462170523077
2022-09-01,"Unemployed","Employed",50.277707851,"Employed to Unemployed",74.5886659850769
2022-10-01,"Unemployed","Employed",53.149270421,"Employed to Unemployed",71.4990326763077
2002-11-01,"Not in the labour force (NILF)","Employed",195.506754786,"Employment to NILF",195.506754786
2002-12-01,"Not in the labour force (NILF)","Employed",160.41464072,"Employment to NILF",177.960697753
2003-01-01,"Not in the labour force (NILF)","Employed",272.633764906,"Employment to NILF",209.518386804
2003-02-01,"Not in the labour force (NILF)","Employed",197.397069155,"Employment to NILF",206.48805739175
2003-03-01,"Not in the labour force (NILF)","Employed",181.069444518,"Employment to NILF",201.404334817
2003-04-01,"Not in the labour force (NILF)","Employed",179.336078343,"Employment to NILF",197.726292071333
2003-05-01,"Not in the labour force (NILF)","Employed",186.233367062,"Employment to NILF",196.084445641429
2003-06-01,"Not in the labour force (NILF)","Employed",202.131179147,"Employment to NILF",196.840287329625
2003-07-01,"Not in the labour force (NILF)","Employed",216.838006487,"Employment to NILF",199.062256124889
2003-08-01,"Not in the labour force (NILF)","Employed",225.342426444,"Employment to NILF",201.6902731568
2003-09-01,"Not in the labour force (NILF)","Employed",123.058685799,"Employment to NILF",194.541947033364
2003-10-01,"Not in the labour force (NILF)","Employed",209.79945918,"Employment to NILF",195.813406378917
2003-11-01,"Not in the labour force (NILF)","Employed",231.459589618,"Employment to NILF",198.555420474231
2003-12-01,"Not in the labour force (NILF)","Employed",166.371392869,"Employment to NILF",196.314238788308
2004-01-01,"Not in the labour force (NILF)","Employed",290.391765111,"Employment to NILF",206.312479126077
2004-02-01,"Not in the labour force (NILF)","Employed",187.018347709,"Employment to NILF",199.726677803231
2004-03-01,"Not in the labour force (NILF)","Employed",187.258904695,"Employment to NILF",198.946818998615
2004-04-01,"Not in the labour force (NILF)","Employed",213.585659183,"Employment to NILF",201.448066280538
2004-05-01,"Not in the labour force (NILF)","Employed",187.639252802,"Employment to NILF",202.086772008154
2004-06-01,"Not in the labour force (NILF)","Employed",184.701368459,"Employment to NILF",201.968925961769
2004-07-01,"Not in the labour force (NILF)","Employed",221.888955967,"Employment to NILF",203.488754947923
2004-08-01,"Not in the labour force (NILF)","Employed",237.929109634,"Employment to NILF",205.111147497692
2004-09-01,"Not in the labour force (NILF)","Employed",129.074127595,"Employment to NILF",197.705893740077
2004-10-01,"Not in the labour force (NILF)","Employed",215.218403111,"Employment to NILF",204.795102764077
2004-11-01,"Not in the labour force (NILF)","Employed",213.143802695,"Employment to NILF",205.052359957538
2004-12-01,"Not in the labour force (NILF)","Employed",196.030868749,"Employment to NILF",202.327073736846
2005-01-01,"Not in the labour force (NILF)","Employed",291.742795373,"Employment to NILF",211.971027775615
2005-02-01,"Not in the labour force (NILF)","Employed",197.204358152,"Employment to NILF",204.802765701846
2005-03-01,"Not in the labour force (NILF)","Employed",174.705549324,"Employment to NILF",203.855627364538
2005-04-01,"Not in the labour force (NILF)","Employed",192.638882397,"Employment to NILF",204.269471803154
2005-05-01,"Not in the labour force (NILF)","Employed",188.334225465,"Employment to NILF",202.327053824846
2005-06-01,"Not in the labour force (NILF)","Employed",188.579230555,"Employment to NILF",202.399359805846
2005-07-01,"Not in the labour force (NILF)","Employed",206.713230068,"Employment to NILF",204.092579929615
2005-08-01,"Not in the labour force (NILF)","Employed",222.501698416,"Employment to NILF",204.139713964154
2005-09-01,"Not in the labour force (NILF)","Employed",147.736617227,"Employment to NILF",197.201829932846
2005-10-01,"Not in the labour force (NILF)","Employed",207.241115557,"Employment to NILF",203.214675160692
2005-11-01,"Not in the labour force (NILF)","Employed",225.113678974,"Employment to NILF",203.975850227077
2005-12-01,"Not in the labour force (NILF)","Employed",201.195723006,"Employment to NILF",203.056767174077
2006-01-01,"Not in the labour force (NILF)","Employed",322.56895986,"Employment to NILF",212.790466490308
2006-02-01,"Not in the labour force (NILF)","Employed",201.244911464,"Employment to NILF",205.829090805
2006-03-01,"Not in the labour force (NILF)","Employed",187.305268041,"Employment to NILF",205.067622334923
2006-04-01,"Not in the labour force (NILF)","Employed",217.598629513,"Employment to NILF",208.367090041769
2006-05-01,"Not in the labour force (NILF)","Employed",194.323563935,"Employment to NILF",208.496680929308
2006-06-01,"Not in the labour force (NILF)","Employed",194.143301057,"Employment to NILF",208.943532897923
2006-07-01,"Not in the labour force (NILF)","Employed",224.685198129,"Employment to NILF",211.720915019
2006-08-01,"Not in the labour force (NILF)","Employed",237.772977355,"Employment to NILF",214.110126348769
2006-09-01,"Not in the labour force (NILF)","Employed",141.326973213,"Employment to NILF",207.865916717769
2006-10-01,"Not in the labour force (NILF)","Employed",249.884635235,"Employment to NILF",215.723456564538
2006-11-01,"Not in the labour force (NILF)","Employed",263.081313169,"Employment to NILF",220.018856380846
2006-12-01,"Not in the labour force (NILF)","Employed",182.016287072,"Employment to NILF",216.703672388385
2007-01-01,"Not in the labour force (NILF)","Employed",350.411068186,"Employment to NILF",228.181775863769
2007-02-01,"Not in the labour force (NILF)","Employed",229.118675156,"Employment to NILF",220.993292425
2007-03-01,"Not in the labour force (NILF)","Employed",203.638881033,"Employment to NILF",221.177443930308
2007-04-01,"Not in the labour force (NILF)","Employed",225.963215913,"Employment to NILF",224.151132228154
2007-05-01,"Not in the labour force (NILF)","Employed",217.454385563,"Employment to NILF",224.140036539692
2007-06-01,"Not in the labour force (NILF)","Employed",230.549620224,"Employment to NILF",226.926656254231
2007-07-01,"Not in the labour force (NILF)","Employed",233.819600991,"Employment to NILF",229.978679326077
2007-08-01,"Not in the labour force (NILF)","Employed",260.365888434,"Employment to NILF",232.723347811077
2007-09-01,"Not in the labour force (NILF)","Employed",156.239103805,"Employment to NILF",226.451511384154
2007-10-01,"Not in the labour force (NILF)","Employed",243.653585573,"Employment to NILF",234.322789258
2007-11-01,"Not in the labour force (NILF)","Employed",252.028315849,"Employment to NILF",234.487687766769
2007-12-01,"Not in the labour force (NILF)","Employed",202.431044681,"Employment to NILF",229.822282498462
2008-01-01,"Not in the labour force (NILF)","Employed",322.003671565,"Employment to NILF",240.590542844077
2008-02-01,"Not in the labour force (NILF)","Employed",236.13320415,"Employment to NILF",231.799937918231
2008-03-01,"Not in the labour force (NILF)","Employed",208.397297928,"Employment to NILF",230.205985823769
2008-04-01,"Not in the labour force (NILF)","Employed",200.833920595,"Employment to NILF",229.990219636231
2008-05-01,"Not in the labour force (NILF)","Employed",236.238014076,"Employment to NILF",230.780588725692
2008-06-01,"Not in the labour force (NILF)","Employed",220.527895353,"Employment to NILF",231.017012555692
2008-07-01,"Not in the labour force (NILF)","Employed",250.57525382,"Employment to NILF",232.557445909231
2008-08-01,"Not in the labour force (NILF)","Employed",261.495548771,"Employment to NILF",234.686364969231
2008-09-01,"Not in the labour force (NILF)","Employed",146.137646462,"Employment to NILF",225.899577125231
2008-10-01,"Not in the labour force (NILF)","Employed",224.271392394,"Employment to NILF",231.132830093615
2008-11-01,"Not in the labour force (NILF)","Employed",264.483521845,"Employment to NILF",232.735132883769
2008-12-01,"Not in the labour force (NILF)","Employed",187.376397618,"Employment to NILF",227.761908404462
2009-01-01,"Not in the labour force (NILF)","Employed",319.186175539,"Employment to NILF",236.743072316615
2009-02-01,"Not in the labour force (NILF)","Employed",208.143148674,"Employment to NILF",227.984570555769
2009-03-01,"Not in the labour force (NILF)","Employed",204.735396358,"Employment to NILF",225.569354571769
2009-04-01,"Not in the labour force (NILF)","Employed",202.491054134,"Employment to NILF",225.115028126077
2009-05-01,"Not in the labour force (NILF)","Employed",207.407690186,"Employment to NILF",225.62070271
2009-06-01,"Not in the labour force (NILF)","Employed",209.407714884,"Employment to NILF",223.556833541385
2009-07-01,"Not in the labour force (NILF)","Employed",225.798813784,"Employment to NILF",223.962288805308
2009-08-01,"Not in the labour force (NILF)","Employed",279.446894604,"Employment to NILF",226.183184250231
2009-09-01,"Not in the labour force (NILF)","Employed",145.073905485,"Employment to NILF",217.227673228231
2009-10-01,"Not in the labour force (NILF)","Employed",219.554616561,"Employment to NILF",222.875132466615
2009-11-01,"Not in the labour force (NILF)","Employed",238.701403938,"Employment to NILF",223.985133354615
2009-12-01,"Not in the labour force (NILF)","Employed",196.19965441,"Employment to NILF",218.732528167308
2010-01-01,"Not in the labour force (NILF)","Employed",342.161044006,"Employment to NILF",230.639039427923
2010-02-01,"Not in the labour force (NILF)","Employed",240.290302119,"Employment to NILF",224.570126087923
2010-03-01,"Not in the labour force (NILF)","Employed",214.879438556,"Employment to NILF",225.088302232692
2010-04-01,"Not in the labour force (NILF)","Employed",257.678681216,"Employment to NILF",229.160862606385
2010-05-01,"Not in the labour force (NILF)","Employed",236.651275263,"Employment to NILF",231.788571924
2010-06-01,"Not in the labour force (NILF)","Employed",216.312244379,"Employment to NILF",232.473537631154
2010-07-01,"Not in the labour force (NILF)","Employed",252.469620264,"Employment to NILF",235.785991891154
2010-08-01,"Not in the labour force (NILF)","Employed",258.346805793,"Employment to NILF",238.289683584154
2010-09-01,"Not in the labour force (NILF)","Employed",148.893317428,"Employment to NILF",228.247100724462
2010-10-01,"Not in the labour force (NILF)","Employed",235.579465892,"Employment to NILF",235.209066909615
2010-11-01,"Not in the labour force (NILF)","Employed",243.426541296,"Employment to NILF",237.045368812308
2010-12-01,"Not in the labour force (NILF)","Employed",201.264930704,"Employment to NILF",234.165640102
2011-01-01,"Not in the labour force (NILF)","Employed",333.113146037,"Employment to NILF",244.697447150231
2011-02-01,"Not in the labour force (NILF)","Employed",221.381983587,"Employment to NILF",235.406750194923
2011-03-01,"Not in the labour force (NILF)","Employed",209.632849751,"Employment to NILF",233.048484628154
2011-04-01,"Not in the labour force (NILF)","Employed",221.502843843,"Employment to NILF",233.557977342538
2011-05-01,"Not in the labour force (NILF)","Employed",208.968651333,"Employment to NILF",229.811051966923
2011-06-01,"Not in the labour force (NILF)","Employed",198.131952781,"Employment to NILF",226.848027160615
2011-07-01,"Not in the labour force (NILF)","Employed",248.140902054,"Employment to NILF",229.296385443308
2011-08-01,"Not in the labour force (NILF)","Employed",243.688255518,"Employment to NILF",228.620895847462
2011-09-01,"Not in the labour force (NILF)","Employed",155.179303678,"Employment to NILF",220.684934146308
2011-10-01,"Not in the labour force (NILF)","Employed",248.510923285,"Employment to NILF",228.347826904538
2011-11-01,"Not in the labour force (NILF)","Employed",245.195170168,"Employment to NILF",229.087496464231
2011-12-01,"Not in the labour force (NILF)","Employed",222.459856834,"Employment to NILF",227.474674582538
2012-01-01,"Not in the labour force (NILF)","Employed",332.916479746,"Employment to NILF",237.601716816538
2012-02-01,"Not in the labour force (NILF)","Employed",250.836427018,"Employment to NILF",231.272738430462
2012-03-01,"Not in the labour force (NILF)","Employed",235.044693915,"Employment to NILF",232.323716148
2012-04-01,"Not in the labour force (NILF)","Employed",257.607794453,"Employment to NILF",236.014096509692
2012-05-01,"Not in the labour force (NILF)","Employed",224.709975115,"Employment to NILF",236.260798915231
2012-06-01,"Not in the labour force (NILF)","Employed",276.857352613,"Employment to NILF",241.483006706
2012-07-01,"Not in the labour force (NILF)","Employed",277.025134494,"Employment to NILF",247.551712991615
2012-08-01,"Not in the labour force (NILF)","Employed",293.249320885,"Employment to NILF",251.021591363231
2012-09-01,"Not in the labour force (NILF)","Employed",172.966022394,"Employment to NILF",245.581419584462
2012-10-01,"Not in the labour force (NILF)","Employed",264.891110183,"Employment to NILF",254.020789315615
2012-11-01,"Not in the labour force (NILF)","Employed",276.781406536,"Employment to NILF",256.195441873385
2012-12-01,"Not in the labour force (NILF)","Employed",226.04294738,"Employment to NILF",254.722193966615
2013-01-01,"Not in the labour force (NILF)","Employed",371.829445869,"Employment to NILF",266.212162353923
2013-02-01,"Not in the labour force (NILF)","Employed",247.083657284,"Employment to NILF",259.609637549154
2013-03-01,"Not in the labour force (NILF)","Employed",226.737053323,"Employment to NILF",257.755839572615
2013-04-01,"Not in the labour force (NILF)","Employed",247.038312365,"Employment to NILF",258.678425607231
2013-05-01,"Not in the labour force (NILF)","Employed",199.55796119,"Employment to NILF",254.213053817769
2013-06-01,"Not in the labour force (NILF)","Employed",226.850001372,"Employment to NILF",254.377671222154
2013-07-01,"Not in the labour force (NILF)","Employed",222.844912253,"Employment to NILF",250.222868117538
2013-08-01,"Not in the labour force (NILF)","Employed",261.094255555,"Employment to NILF",248.997415891462
2013-09-01,"Not in the labour force (NILF)","Employed",155.212786905,"Employment to NILF",238.379220969923
2013-10-01,"Not in the labour force (NILF)","Employed",260.519841367,"Employment to NILF",245.114130121692
2013-11-01,"Not in the labour force (NILF)","Employed",262.259818279,"Employment to NILF",244.911723052154
2013-12-01,"Not in the labour force (NILF)","Employed",224.110337336,"Employment to NILF",240.860102344462
2014-01-01,"Not in the labour force (NILF)","Employed",388.555625411,"Employment to NILF",253.361077577615
2014-02-01,"Not in the labour force (NILF)","Employed",218.301784808,"Employment to NILF",241.551257496
2014-03-01,"Not in the labour force (NILF)","Employed",234.733723436,"Employment to NILF",240.601262584615
2014-04-01,"Not in the labour force (NILF)","Employed",231.867754504,"Employment to NILF",240.995931906231
2014-05-01,"Not in the labour force (NILF)","Employed",234.219831409,"Employment to NILF",240.009894909615
2014-06-01,"Not in the labour force (NILF)","Employed",238.186494339,"Employment to NILF",242.981320536462
2014-07-01,"Not in the labour force (NILF)","Employed",281.748061664,"Employment to NILF",247.204248251231
2014-08-01,"Not in the labour force (NILF)","Employed",232.874247178,"Employment to NILF",247.975735553154
2014-09-01,"Not in the labour force (NILF)","Employed",221.829561452,"Employment to NILF",244.955374468308
2014-10-01,"Not in the labour force (NILF)","Employed",241.714509427,"Employment to NILF",251.609353123846
2014-11-01,"Not in the labour force (NILF)","Employed",239.292554902,"Employment to NILF",249.976484934231
2014-12-01,"Not in the labour force (NILF)","Employed",226.886463287,"Employment to NILF",247.255457627154
2015-01-01,"Not in the labour force (NILF)","Employed",362.46099337,"Employment to NILF",257.897815783615
2015-02-01,"Not in the labour force (NILF)","Employed",191.592118062,"Employment to NILF",242.746776756769
2015-03-01,"Not in the labour force (NILF)","Employed",239.412177216,"Employment to NILF",244.370653095846
2015-04-01,"Not in the labour force (NILF)","Employed",234.325395986,"Employment to NILF",244.339243292
2015-05-01,"Not in the labour force (NILF)","Employed",203.039117341,"Employment to NILF",242.121655817923
2015-06-01,"Not in the labour force (NILF)","Employed",230.112579302,"Employment to NILF",241.805713348154
2015-07-01,"Not in the labour force (NILF)","Employed",221.907762861,"Employment to NILF",240.553503234462
2015-08-01,"Not in the labour force (NILF)","Employed",257.20289085,"Employment to NILF",238.665413171846
2015-09-01,"Not in the labour force (NILF)","Employed",215.407076704,"Employment to NILF",237.321784673846
2015-10-01,"Not in the labour force (NILF)","Employed",221.505882077,"Employment to NILF",237.296886260385
2015-11-01,"Not in the labour force (NILF)","Employed",213.592920355,"Employment to NILF",235.133687101
2015-12-01,"Not in the labour force (NILF)","Employed",276.865422152,"Employment to NILF",238.023907658692
2016-01-01,"Not in the labour force (NILF)","Employed",371.234094994,"Employment to NILF",249.127571636154
2016-02-01,"Not in the labour force (NILF)","Employed",191.738524093,"Employment to NILF",235.995073999462
2016-03-01,"Not in the labour force (NILF)","Employed",231.271436513,"Employment to NILF",239.047329264923
2016-04-01,"Not in the labour force (NILF)","Employed",271.960235486,"Employment to NILF",241.551026054923
2016-05-01,"Not in the labour force (NILF)","Employed",208.322619995,"Employment to NILF",239.550812517154
2016-06-01,"Not in the labour force (NILF)","Employed",244.169418262,"Employment to NILF",242.714681818769
2016-07-01,"Not in the labour force (NILF)","Employed",285.234987598,"Employment to NILF",246.954867072308
2016-08-01,"Not in the labour force (NILF)","Employed",261.869968612,"Employment to NILF",250.028882899308
2016-09-01,"Not in the labour force (NILF)","Employed",214.994402125,"Employment to NILF",246.782076074308
2016-10-01,"Not in the labour force (NILF)","Employed",274.783648505,"Employment to NILF",251.349504674385
2016-11-01,"Not in the labour force (NILF)","Employed",238.101762374,"Employment to NILF",252.626110851077
2016-12-01,"Not in the labour force (NILF)","Employed",239.229757108,"Employment to NILF",254.598175216692
2017-01-01,"Not in the labour force (NILF)","Employed",412.329457548,"Employment to NILF",265.018485631769
2017-02-01,"Not in the labour force (NILF)","Employed",204.676291111,"Employment to NILF",252.206346871538
2017-03-01,"Not in the labour force (NILF)","Employed",239.325659176,"Employment to NILF",255.866895724077
2017-04-01,"Not in the labour force (NILF)","Employed",260.34566661,"Employment to NILF",258.103374962308
2017-05-01,"Not in the labour force (NILF)","Employed",216.557707998,"Employment to NILF",253.841642078615
2017-06-01,"Not in the labour force (NILF)","Employed",265.750573797,"Employment to NILF",258.259176986462
2017-07-01,"Not in the labour force (NILF)","Employed",241.892595685,"Employment to NILF",258.084036788231
2017-08-01,"Not in the labour force (NILF)","Employed",256.54666117,"Employment to NILF",255.877242447615
2017-09-01,"Not in the labour force (NILF)","Employed",226.731745343,"Employment to NILF",253.174302196154
2017-10-01,"Not in the labour force (NILF)","Employed",240.070778879,"Employment to NILF",255.103254254154
2017-11-01,"Not in the labour force (NILF)","Employed",217.484262063,"Employment to NILF",250.695609143231
2017-12-01,"Not in the labour force (NILF)","Employed",238.79442232,"Employment to NILF",250.748890677538
2018-01-01,"Not in the labour force (NILF)","Employed",400.420537201,"Employment to NILF",263.148181453923
2018-02-01,"Not in the labour force (NILF)","Employed",209.910714979,"Employment to NILF",247.577508948615
2018-03-01,"Not in the labour force (NILF)","Employed",255.964589853,"Employment to NILF",251.522762698
2018-04-01,"Not in the labour force (NILF)","Employed",253.290421441,"Employment to NILF",252.596975179923
2018-05-01,"Not in the labour force (NILF)","Employed",244.242222099,"Employment to NILF",251.358248679077
2018-06-01,"Not in the labour force (NILF)","Employed",244.022512456,"Employment to NILF",253.470925945077
2018-07-01,"Not in the labour force (NILF)","Employed",269.659515684,"Employment to NILF",253.771613782538
2018-08-01,"Not in the labour force (NILF)","Employed",252.180926139,"Employment to NILF",254.563023817462
2018-09-01,"Not in the labour force (NILF)","Employed",264.450391626,"Employment to NILF",255.171003083308
2018-10-01,"Not in the labour force (NILF)","Employed",277.431949483,"Employment to NILF",259.071018786385
2018-11-01,"Not in the labour force (NILF)","Employed",225.889443269,"Employment to NILF",257.980146816385
2018-12-01,"Not in the labour force (NILF)","Employed",257.122809738,"Employment to NILF",261.029265868308
2019-01-01,"Not in the labour force (NILF)","Employed",410.53906901,"Employment to NILF",274.240392536769
2019-02-01,"Not in the labour force (NILF)","Employed",199.672772376,"Employment to NILF",258.798256781
2019-03-01,"Not in the labour force (NILF)","Employed",261.827522824,"Employment to NILF",262.791857384462
2019-04-01,"Not in the labour force (NILF)","Employed",241.090481901,"Employment to NILF",261.647695234308
2019-05-01,"Not in the labour force (NILF)","Employed",224.56529999,"Employment to NILF",259.438070507308
2019-06-01,"Not in the labour force (NILF)","Employed",278.289502144,"Employment to NILF",262.057092049231
2019-07-01,"Not in the labour force (NILF)","Employed",288.241103431,"Employment to NILF",265.458522124231
2019-08-01,"Not in the labour force (NILF)","Employed",259.704205745,"Employment to NILF",264.692729052
2019-09-01,"Not in the labour force (NILF)","Employed",237.813963283,"Employment to NILF",263.587578063077
2019-10-01,"Not in the labour force (NILF)","Employed",282.193164931,"Employment to NILF",264.952406778846
2019-11-01,"Not in the labour force (NILF)","Employed",242.177169896,"Employment to NILF",262.240500656769
2019-12-01,"Not in the labour force (NILF)","Employed",268.147222805,"Employment to NILF",265.491099082615
2020-01-01,"Not in the labour force (NILF)","Employed",423.115737897,"Employment to NILF",278.259785864077
2020-02-01,"Not in the labour force (NILF)","Employed",233.262937545,"Employment to NILF",264.623160366769
2020-03-01,"Not in the labour force (NILF)","Employed",280.099931071,"Employment to NILF",270.809864881769
2020-04-01,"Not in the labour force (NILF)","Employed",554.470933962,"Employment to NILF",293.320896507769
2020-05-01,"Not in the labour force (NILF)","Employed",457.488757518,"Employment to NILF",309.966917709077
2020-06-01,"Not in the labour force (NILF)","Employed",250.275517467,"Employment to NILF",311.944626745769
2020-07-01,"Not in the labour force (NILF)","Employed",261.696927915,"Employment to NILF",310.668274882
2020-08-01,"Not in the labour force (NILF)","Employed",309.450709576,"Employment to NILF",312.299783047
2020-09-01,"Not in the labour force (NILF)","Employed",277.053142864,"Employment to NILF",313.634316671538
2020-10-01,"Not in the labour force (NILF)","Employed",249.381186527,"Employment to NILF",314.524103074923
2020-11-01,"Not in the labour force (NILF)","Employed",215.762377285,"Employment to NILF",309.414042486769
2020-12-01,"Not in the labour force (NILF)","Employed",243.671650514,"Employment to NILF",309.529002534308
2021-01-01,"Not in the labour force (NILF)","Employed",386.453639654,"Employment to NILF",318.629496138077
2021-02-01,"Not in the labour force (NILF)","Employed",200.514495409,"Employment to NILF",301.506323639
2021-03-01,"Not in the labour force (NILF)","Employed",258.320348691,"Employment to NILF",303.433816804077
2021-04-01,"Not in the labour force (NILF)","Employed",305.303337767,"Employment to NILF",305.372540396077
2021-05-01,"Not in the labour force (NILF)","Employed",227.222271696,"Employment to NILF",280.199566375615
2021-06-01,"Not in the labour force (NILF)","Employed",299.795604109,"Employment to NILF",268.069323805692
2021-07-01,"Not in the labour force (NILF)","Employed",343.454259178,"Employment to NILF",275.236919321923
2021-08-01,"Not in the labour force (NILF)","Employed",423.950841184,"Employment to NILF",287.717989573385
2021-09-01,"Not in the labour force (NILF)","Employed",420.679940959,"Employment to NILF",296.274084295154
2021-10-01,"Not in the labour force (NILF)","Employed",352.835127561,"Employment to NILF",302.103467733385
2021-11-01,"Not in the labour force (NILF)","Employed",243.900772961,"Employment to NILF",301.681897459077
2021-12-01,"Not in the labour force (NILF)","Employed",268.849056006,"Employment to NILF",305.765488129923
2022-01-01,"Not in the labour force (NILF)","Employed",502.94124731,"Employment to NILF",325.709303268077
2022-02-01,"Not in the labour force (NILF)","Employed",239.851792757,"Employment to NILF",314.432238122154
2022-03-01,"Not in the labour force (NILF)","Employed",321.774093539,"Employment to NILF",323.759899516769
2022-04-01,"Not in the labour force (NILF)","Employed",310.308609169,"Employment to NILF",327.758996476615
2022-05-01,"Not in the labour force (NILF)","Employed",238.925691877,"Employment to NILF",322.653023715846
2022-06-01,"Not in the labour force (NILF)","Employed",270.610579998,"Employment to NILF",325.990585892923
2022-07-01,"Not in the labour force (NILF)","Employed",334.421015065,"Employment to NILF",328.654079043385
2022-08-01,"Not in the labour force (NILF)","Employed",288.629006712,"Employment to NILF",324.436751930615
2022-09-01,"Not in the labour force (NILF)","Employed",302.727164311,"Employment to NILF",315.111853709615
2022-10-01,"Not in the labour force (NILF)","Employed",293.920642253,"Employment to NILF",305.361138424538
2002-11-01,"Employed","Not in the labour force (NILF)",177.262865142,"NILF to Employed",177.262865142
2002-12-01,"Employed","Not in the labour force (NILF)",210.300438039,"NILF to Employed",193.7816515905
2003-01-01,"Employed","Not in the labour force (NILF)",165.349631892,"NILF to Employed",184.304311691
2003-02-01,"Employed","Not in the labour force (NILF)",230.665607152,"NILF to Employed",195.89463555625
2003-03-01,"Employed","Not in the labour force (NILF)",179.020448514,"NILF to Employed",192.5197981478
2003-04-01,"Employed","Not in the labour force (NILF)",157.948743052,"NILF to Employed",186.757955631833
2003-05-01,"Employed","Not in the labour force (NILF)",177.666769731,"NILF to Employed",185.459214788857
2003-06-01,"Employed","Not in the labour force (NILF)",144.980940865,"NILF to Employed",180.399430548375
2003-07-01,"Employed","Not in the labour force (NILF)",184.202647706,"NILF to Employed",180.822010232556
2003-08-01,"Employed","Not in the labour force (NILF)",191.168002046,"NILF to Employed",181.8566094139
2003-09-01,"Employed","Not in the labour force (NILF)",192.734276943,"NILF to Employed",182.845488280182
2003-10-01,"Employed","Not in the labour force (NILF)",131.328907715,"NILF to Employed",178.55243989975
2003-11-01,"Employed","Not in the labour force (NILF)",183.995620978,"NILF to Employed",178.971146136538
2003-12-01,"Employed","Not in the labour force (NILF)",225.50667368,"NILF to Employed",182.682208331769
2004-01-01,"Employed","Not in the labour force (NILF)",151.135074884,"NILF to Employed",178.131026550615
2004-02-01,"Employed","Not in the labour force (NILF)",223.712239305,"NILF to Employed",182.620457890077
2004-03-01,"Employed","Not in the labour force (NILF)",172.920271862,"NILF to Employed",178.178509021615
2004-04-01,"Employed","Not in the labour force (NILF)",171.927924198,"NILF to Employed",177.632930228077
2004-05-01,"Employed","Not in the labour force (NILF)",172.687053617,"NILF to Employed",178.766646425385
2004-06-01,"Employed","Not in the labour force (NILF)",175.788508842,"NILF to Employed",178.622164818538
2004-07-01,"Employed","Not in the labour force (NILF)",184.480241705,"NILF to Employed",181.660572575462
2004-08-01,"Employed","Not in the labour force (NILF)",177.450235218,"NILF to Employed",181.141156230231
2004-09-01,"Employed","Not in the labour force (NILF)",225.684664104,"NILF to Employed",183.796284080846
2004-10-01,"Employed","Not in the labour force (NILF)",156.107987565,"NILF to Employed",180.978877205615
2004-11-01,"Employed","Not in the labour force (NILF)",175.499652777,"NILF to Employed",184.376626825769
2004-12-01,"Employed","Not in the labour force (NILF)",223.215181252,"NILF to Employed",187.393516077615
2005-01-01,"Employed","Not in the labour force (NILF)",162.206733339,"NILF to Employed",182.524289897538
2005-02-01,"Employed","Not in the labour force (NILF)",252.400213994,"NILF to Employed",190.313915982923
2005-03-01,"Employed","Not in the labour force (NILF)",199.168941977,"NILF to Employed",188.425970034615
2005-04-01,"Employed","Not in the labour force (NILF)",151.900859291,"NILF to Employed",186.809092144538
2005-05-01,"Employed","Not in the labour force (NILF)",168.363193017,"NILF to Employed",186.534882053692
2005-06-01,"Employed","Not in the labour force (NILF)",159.103876014,"NILF to Employed",185.490022238077
2005-07-01,"Employed","Not in the labour force (NILF)",184.909370441,"NILF to Employed",186.191626976462
2005-08-01,"Employed","Not in the labour force (NILF)",169.683358952,"NILF to Employed",185.053405226231
2005-09-01,"Employed","Not in the labour force (NILF)",235.882433531,"NILF to Employed",189.548189711846
2005-10-01,"Employed","Not in the labour force (NILF)",147.016965256,"NILF to Employed",183.496828262
2005-11-01,"Employed","Not in the labour force (NILF)",188.424766164,"NILF to Employed",185.982734308077
2005-12-01,"Employed","Not in the labour force (NILF)",231.860918925,"NILF to Employed",190.318216319462
2006-01-01,"Employed","Not in the labour force (NILF)",162.347190426,"NILF to Employed",185.636063179
2006-02-01,"Employed","Not in the labour force (NILF)",262.978241149,"NILF to Employed",193.387717625923
2006-03-01,"Employed","Not in the labour force (NILF)",212.264476263,"NILF to Employed",190.300353185077
2006-04-01,"Employed","Not in the labour force (NILF)",184.420430729,"NILF to Employed",189.165852319846
2006-05-01,"Employed","Not in the labour force (NILF)",177.905629878,"NILF to Employed",191.166219288077
2006-06-01,"Employed","Not in the labour force (NILF)",178.371013724,"NILF to Employed",191.936051650154
2006-07-01,"Employed","Not in the labour force (NILF)",199.018170357,"NILF to Employed",195.006381984231
2006-08-01,"Employed","Not in the labour force (NILF)",195.94828396,"NILF to Employed",195.855529178
2006-09-01,"Employed","Not in the labour force (NILF)",250.415305561,"NILF to Employed",202.065678917154
2006-10-01,"Employed","Not in the labour force (NILF)",154.869554654,"NILF to Employed",195.833919003538
2006-11-01,"Employed","Not in the labour force (NILF)",202.502805148,"NILF to Employed",200.102060533692
2006-12-01,"Employed","Not in the labour force (NILF)",267.260043435,"NILF to Employed",206.166312631462
2007-01-01,"Employed","Not in the labour force (NILF)",169.990151742,"NILF to Employed",201.407022848154
2007-02-01,"Employed","Not in the labour force (NILF)",299.016843575,"NILF to Employed",211.920073090385
2007-03-01,"Employed","Not in the labour force (NILF)",214.069955689,"NILF to Employed",208.157897285769
2007-04-01,"Employed","Not in the labour force (NILF)",176.664313515,"NILF to Employed",205.419423228231
2007-05-01,"Employed","Not in the labour force (NILF)",207.120704044,"NILF to Employed",207.165598098615
2007-06-01,"Employed","Not in the labour force (NILF)",206.096559916,"NILF to Employed",209.334131178462
2007-07-01,"Employed","Not in the labour force (NILF)",208.952180207,"NILF to Employed",211.686528600231
2007-08-01,"Employed","Not in the labour force (NILF)",199.806898175,"NILF to Employed",211.747199970846
2007-09-01,"Employed","Not in the labour force (NILF)",246.266743057,"NILF to Employed",215.617850670615
2007-10-01,"Employed","Not in the labour force (NILF)",160.704316189,"NILF to Employed",208.717005334308
2007-11-01,"Employed","Not in the labour force (NILF)",226.706406851,"NILF to Employed",214.242917041769
2007-12-01,"Employed","Not in the labour force (NILF)",259.537063451,"NILF to Employed",218.630167680462
2008-01-01,"Employed","Not in the labour force (NILF)",181.883334624,"NILF to Employed",212.062728541154
2008-02-01,"Employed","Not in the labour force (NILF)",271.34291631,"NILF to Employed",219.859095046385
2008-03-01,"Employed","Not in the labour force (NILF)",202.576289507,"NILF to Employed",212.440590887308
2008-04-01,"Employed","Not in the labour force (NILF)",179.967956253,"NILF to Employed",209.817360161462
2008-05-01,"Employed","Not in the labour force (NILF)",196.313046458,"NILF to Employed",211.328801157077
2008-06-01,"Employed","Not in the labour force (NILF)",200.222440172,"NILF to Employed",210.798165474615
2008-07-01,"Employed","Not in the labour force (NILF)",208.524365948,"NILF to Employed",210.984919784769
2008-08-01,"Employed","Not in the labour force (NILF)",205.302301104,"NILF to Employed",210.704159853769
2008-09-01,"Employed","Not in the labour force (NILF)",235.947327555,"NILF to Employed",213.484192883
2008-10-01,"Employed","Not in the labour force (NILF)",156.462660754,"NILF to Employed",206.576186552
2008-11-01,"Employed","Not in the labour force (NILF)",202.320202036,"NILF to Employed",209.777408540231
2008-12-01,"Employed","Not in the labour force (NILF)",237.33682314,"NILF to Employed",210.595132870154
2009-01-01,"Employed","Not in the labour force (NILF)",174.18111071,"NILF to Employed",204.029290351615
2009-02-01,"Employed","Not in the labour force (NILF)",270.229888011,"NILF to Employed",210.825179073692
2009-03-01,"Employed","Not in the labour force (NILF)",179.188421369,"NILF to Employed",203.736371770538
2009-04-01,"Employed","Not in the labour force (NILF)",178.317327537,"NILF to Employed",201.870297772846
2009-05-01,"Employed","Not in the labour force (NILF)",190.238592159,"NILF to Employed",202.660346688692
2009-06-01,"Employed","Not in the labour force (NILF)",158.769194687,"NILF to Employed",199.772358090923
2009-07-01,"Employed","Not in the labour force (NILF)",184.535750367,"NILF to Employed",198.565689644385
2009-08-01,"Employed","Not in the labour force (NILF)",207.422915162,"NILF to Employed",198.480962660846
2009-09-01,"Employed","Not in the labour force (NILF)",215.801961185,"NILF to Employed",199.288628820923
2009-10-01,"Employed","Not in the labour force (NILF)",168.805867451,"NILF to Employed",194.123901120615
2009-11-01,"Employed","Not in the labour force (NILF)",186.929407607,"NILF to Employed",196.467497032385
2009-12-01,"Employed","Not in the labour force (NILF)",234.565016417,"NILF to Employed",198.947867369385
2010-01-01,"Employed","Not in the labour force (NILF)",202.682658456,"NILF to Employed",196.282162393692
2010-02-01,"Employed","Not in the labour force (NILF)",269.020343696,"NILF to Employed",203.577488008
2010-03-01,"Employed","Not in the labour force (NILF)",223.0941926,"NILF to Employed",199.951665284077
2010-04-01,"Employed","Not in the labour force (NILF)",193.582045256,"NILF to Employed",201.058867121538
2010-05-01,"Employed","Not in the labour force (NILF)",214.208100392,"NILF to Employed",203.819695802692
2010-06-01,"Employed","Not in the labour force (NILF)",202.101239533,"NILF to Employed",204.732207139154
2010-07-01,"Employed","Not in the labour force (NILF)",219.71869362,"NILF to Employed",209.420630134
2010-08-01,"Employed","Not in the labour force (NILF)",197.539864351,"NILF to Employed",210.420946594308
2010-09-01,"Employed","Not in the labour force (NILF)",247.274594601,"NILF to Employed",213.486460397308
2010-10-01,"Employed","Not in the labour force (NILF)",175.976057102,"NILF to Employed",210.422929314
2010-11-01,"Employed","Not in the labour force (NILF)",190.170246484,"NILF to Employed",212.066343085769
2010-12-01,"Employed","Not in the labour force (NILF)",238.001637278,"NILF to Employed",215.994976137385
2011-01-01,"Employed","Not in the labour force (NILF)",191.544220205,"NILF to Employed",212.685684121077
2011-02-01,"Employed","Not in the labour force (NILF)",252.314802701,"NILF to Employed",216.503541370692
2011-03-01,"Employed","Not in the labour force (NILF)",208.114778218,"NILF to Employed",211.818497872385
2011-04-01,"Employed","Not in the labour force (NILF)",191.489804723,"NILF to Employed",209.387391112615
2011-05-01,"Employed","Not in the labour force (NILF)",187.470995736,"NILF to Employed",208.917310380308
2011-06-01,"Employed","Not in the labour force (NILF)",180.292018641,"NILF to Employed",206.308381014846
2011-07-01,"Employed","Not in the labour force (NILF)",210.402563971,"NILF to Employed",206.946944433154
2011-08-01,"Employed","Not in the labour force (NILF)",202.756679723,"NILF to Employed",205.642174133385
2011-09-01,"Employed","Not in the labour force (NILF)",256.12860418,"NILF to Employed",210.149000274077
2011-10-01,"Employed","Not in the labour force (NILF)",149.152689161,"NILF to Employed",202.601161394077
2011-11-01,"Employed","Not in the labour force (NILF)",201.834338816,"NILF to Employed",204.590259987462
2011-12-01,"Employed","Not in the labour force (NILF)",241.70339643,"NILF to Employed",208.554348444846
2012-01-01,"Employed","Not in the labour force (NILF)",195.442265466,"NILF to Employed",205.280550613154
2012-02-01,"Employed","Not in the labour force (NILF)",296.607135302,"NILF to Employed",213.362313312923
2012-03-01,"Employed","Not in the labour force (NILF)",258.381419145,"NILF to Employed",213.828976116308
2012-04-01,"Employed","Not in the labour force (NILF)",211.075470689,"NILF to Employed",214.056721691
2012-05-01,"Employed","Not in the labour force (NILF)",228.799326731,"NILF to Employed",216.926684922385
2012-06-01,"Employed","Not in the labour force (NILF)",228.144100456,"NILF to Employed",220.055385285462
2012-07-01,"Employed","Not in the labour force (NILF)",239.92727982,"NILF to Employed",224.642713068462
2012-08-01,"Employed","Not in the labour force (NILF)",223.457972103,"NILF to Employed",225.646975232462
2012-09-01,"Employed","Not in the labour force (NILF)",293.019749234,"NILF to Employed",232.590288271769
2012-10-01,"Employed","Not in the labour force (NILF)",174.929208374,"NILF to Employed",226.344180902077
2012-11-01,"Employed","Not in the labour force (NILF)",215.411352602,"NILF to Employed",231.441001166769
2012-12-01,"Employed","Not in the labour force (NILF)",273.289379561,"NILF to Employed",236.937542762538
2013-01-01,"Employed","Not in the labour force (NILF)",224.161898053,"NILF to Employed",235.588196733538
2013-02-01,"Employed","Not in the labour force (NILF)",314.446027125,"NILF to Employed",244.742332245769
2013-03-01,"Employed","Not in the labour force (NILF)",215.445134925,"NILF to Employed",238.499101447538
2013-04-01,"Employed","Not in the labour force (NILF)",207.083259166,"NILF to Employed",234.553089141462
2013-05-01,"Employed","Not in the labour force (NILF)",184.825918697,"NILF to Employed",232.533892834385
2013-06-01,"Employed","Not in the labour force (NILF)",180.623873965,"NILF to Employed",228.828088775462
2013-07-01,"Employed","Not in the labour force (NILF)",171.515084324,"NILF to Employed",224.472010611462
2013-08-01,"Employed","Not in the labour force (NILF)",201.229877115,"NILF to Employed",221.495287326462
2013-09-01,"Employed","Not in the labour force (NILF)",264.777772043,"NILF to Employed",224.673733475692
2013-10-01,"Employed","Not in the labour force (NILF)",164.881707976,"NILF to Employed",214.816961071231
2013-11-01,"Employed","Not in the labour force (NILF)",202.733391088,"NILF to Employed",216.955744356923
2013-12-01,"Employed","Not in the labour force (NILF)",242.662545434,"NILF to Employed",219.051989959385
2014-01-01,"Employed","Not in the labour force (NILF)",224.421149303,"NILF to Employed",215.292895324154
2014-02-01,"Employed","Not in the labour force (NILF)",311.16031021,"NILF to Employed",221.985080874692
2014-03-01,"Employed","Not in the labour force (NILF)",200.937161667,"NILF to Employed",213.253629685615
2014-04-01,"Employed","Not in the labour force (NILF)",193.064761129,"NILF to Employed",211.532062470538
2014-05-01,"Employed","Not in the labour force (NILF)",212.854682406,"NILF to Employed",211.976018104385
2014-06-01,"Employed","Not in the labour force (NILF)",213.473822093,"NILF to Employed",214.179702981
2014-07-01,"Employed","Not in the labour force (NILF)",217.067221905,"NILF to Employed",216.983037437923
2014-08-01,"Employed","Not in the labour force (NILF)",267.971843577,"NILF to Employed",224.402788149692
2014-09-01,"Employed","Not in the labour force (NILF)",175.692561209,"NILF to Employed",222.438379233846
2014-10-01,"Employed","Not in the labour force (NILF)",222.36611819,"NILF to Employed",219.175944322077
2014-11-01,"Employed","Not in the labour force (NILF)",258.049767099,"NILF to Employed",226.342718100769
2014-12-01,"Employed","Not in the labour force (NILF)",221.228581523,"NILF to Employed",227.765425057308
2015-01-01,"Employed","Not in the labour force (NILF)",201.792476774,"NILF to Employed",224.621573621923
2015-02-01,"Employed","Not in the labour force (NILF)",290.261785314,"NILF to Employed",229.686237930462
2015-03-01,"Employed","Not in the labour force (NILF)",166.057063547,"NILF to Employed",218.524449725615
2015-04-01,"Employed","Not in the labour force (NILF)",199.369320871,"NILF to Employed",218.403846587462
2015-05-01,"Employed","Not in the labour force (NILF)",231.74407048,"NILF to Employed",221.379178076
2015-06-01,"Employed","Not in the labour force (NILF)",174.775919646,"NILF to Employed",218.450042479077
2015-07-01,"Employed","Not in the labour force (NILF)",202.488570494,"NILF to Employed",217.605023125308
2015-08-01,"Employed","Not in the labour force (NILF)",213.834297491,"NILF to Employed",217.356336631923
2015-09-01,"Employed","Not in the labour force (NILF)",225.811829764,"NILF to Employed",214.113258646308
2015-10-01,"Employed","Not in the labour force (NILF)",220.36476463,"NILF to Employed",217.549581986385
2015-11-01,"Employed","Not in the labour force (NILF)",200.699159137,"NILF to Employed",215.882892828462
2015-12-01,"Employed","Not in the labour force (NILF)",223.70410996,"NILF to Employed",213.240919202385
2016-01-01,"Employed","Not in the labour force (NILF)",211.909109069,"NILF to Employed",212.524036705923
2016-02-01,"Employed","Not in the labour force (NILF)",308.239439336,"NILF to Employed",220.712264595308
2016-03-01,"Employed","Not in the labour force (NILF)",184.46579448,"NILF to Employed",212.574111454231
2016-04-01,"Employed","Not in the labour force (NILF)",214.620620193,"NILF to Employed",216.309769657769
2016-05-01,"Employed","Not in the labour force (NILF)",231.057620079,"NILF to Employed",218.747331135308
2016-06-01,"Employed","Not in the labour force (NILF)",169.205339837,"NILF to Employed",213.936659547385
2016-07-01,"Employed","Not in the labour force (NILF)",242.682228579,"NILF to Employed",219.160221773
2016-08-01,"Employed","Not in the labour force (NILF)",232.381017383,"NILF to Employed",221.459640764462
2016-09-01,"Employed","Not in the labour force (NILF)",222.708190613,"NILF to Employed",222.142247927692
2016-10-01,"Employed","Not in the labour force (NILF)",242.476302427,"NILF to Employed",223.424130440231
2016-11-01,"Employed","Not in the labour force (NILF)",259.442091159,"NILF to Employed",226.430078634769
2016-12-01,"Employed","Not in the labour force (NILF)",236.945530696,"NILF to Employed",229.218261062385
2017-01-01,"Employed","Not in the labour force (NILF)",219.98934696,"NILF to Employed",228.932510062385
2017-02-01,"Employed","Not in the labour force (NILF)",363.032079426,"NILF to Employed",240.557353936
2017-03-01,"Employed","Not in the labour force (NILF)",236.903903641,"NILF to Employed",235.070005036385
2017-04-01,"Employed","Not in the labour force (NILF)",252.047384631,"NILF to Employed",240.268588894154
2017-05-01,"Employed","Not in the labour force (NILF)",219.963769973,"NILF to Employed",240.679600415692
2017-06-01,"Employed","Not in the labour force (NILF)",202.40066251,"NILF to Employed",238.475219064231
2017-07-01,"Employed","Not in the labour force (NILF)",227.987066648,"NILF to Employed",242.996890357385
2017-08-01,"Employed","Not in the labour force (NILF)",226.575129359,"NILF to Employed",241.757882725077
2017-09-01,"Employed","Not in the labour force (NILF)",238.510607975,"NILF to Employed",242.229389693692
2017-10-01,"Employed","Not in the labour force (NILF)",200.807312338,"NILF to Employed",240.544706749462
2017-11-01,"Employed","Not in the labour force (NILF)",245.457100498,"NILF to Employed",240.773998908769
2017-12-01,"Employed","Not in the labour force (NILF)",222.109693762,"NILF to Employed",237.902276032077
2018-01-01,"Employed","Not in the labour force (NILF)",200.297812354,"NILF to Employed",235.083220775
2018-02-01,"Employed","Not in the labour force (NILF)",366.397279442,"NILF to Employed",246.345369427462
2018-03-01,"Employed","Not in the labour force (NILF)",184.568005011,"NILF to Employed",232.617363703231
2018-04-01,"Employed","Not in the labour force (NILF)",212.75127425,"NILF to Employed",230.759469134692
2018-05-01,"Employed","Not in the labour force (NILF)",234.767399121,"NILF to Employed",229.430239480077
2018-06-01,"Employed","Not in the labour force (NILF)",224.699688779,"NILF to Employed",229.794540926692
2018-07-01,"Employed","Not in the labour force (NILF)",235.582843865,"NILF to Employed",232.347016415538
2018-08-01,"Employed","Not in the labour force (NILF)",230.058556913,"NILF to Employed",232.506361820538
2018-09-01,"Employed","Not in the labour force (NILF)",244.418663929,"NILF to Employed",233.878941402846
2018-10-01,"Employed","Not in the labour force (NILF)",241.905959593,"NILF to Employed",234.140122296538
2018-11-01,"Employed","Not in the labour force (NILF)",252.278235523,"NILF to Employed",238.09942408
2018-12-01,"Employed","Not in the labour force (NILF)",238.148539837,"NILF to Employed",237.537227106077
2019-01-01,"Employed","Not in the labour force (NILF)",237.670953773,"NILF to Employed",238.734247106923
2019-02-01,"Employed","Not in the labour force (NILF)",342.460454663,"NILF to Employed",249.669834976846
2019-03-01,"Employed","Not in the labour force (NILF)",196.405235778,"NILF to Employed",236.593523925769
2019-04-01,"Employed","Not in the labour force (NILF)",234.941108172,"NILF to Employed",240.468378015077
2019-05-01,"Employed","Not in the labour force (NILF)",223.93196641,"NILF to Employed",241.328431258154
2019-06-01,"Employed","Not in the labour force (NILF)",197.028512092,"NILF to Employed",238.425439948231
2019-07-01,"Employed","Not in the labour force (NILF)",239.455237753,"NILF to Employed",239.560482177
2019-08-01,"Employed","Not in the labour force (NILF)",248.613736973,"NILF to Employed",240.562858569923
2019-09-01,"Employed","Not in the labour force (NILF)",236.487639547,"NILF to Employed",241.057403387923
2019-10-01,"Employed","Not in the labour force (NILF)",211.599711085,"NILF to Employed",238.532868553769
2019-11-01,"Employed","Not in the labour force (NILF)",253.091372014,"NILF to Employed",239.393284893846
2019-12-01,"Employed","Not in the labour force (NILF)",244.51605076,"NILF to Employed",238.796193758231
2020-01-01,"Employed","Not in the labour force (NILF)",243.317615171,"NILF to Employed",239.193814937769
2020-02-01,"Employed","Not in the labour force (NILF)",355.6394619,"NILF to Employed",248.268315562923
2020-03-01,"Employed","Not in the labour force (NILF)",214.849456062,"NILF to Employed",238.452084901308
2020-04-01,"Employed","Not in the labour force (NILF)",210.431592947,"NILF to Employed",239.531035452769
2020-05-01,"Employed","Not in the labour force (NILF)",342.296686749,"NILF to Employed",247.789156881769
2020-06-01,"Employed","Not in the labour force (NILF)",340.045183099,"NILF to Employed",256.720942780923
2020-07-01,"Employed","Not in the labour force (NILF)",304.0752885,"NILF to Employed",264.955310196923
2020-08-01,"Employed","Not in the labour force (NILF)",257.110082271,"NILF to Employed",266.313375159846
2020-09-01,"Employed","Not in the labour force (NILF)",254.397534907,"NILF to Employed",266.758282693231
2020-10-01,"Employed","Not in the labour force (NILF)",282.984312152,"NILF to Employed",270.334949816692
2020-11-01,"Employed","Not in the labour force (NILF)",261.398884983,"NILF to Employed",274.165655501154
2020-12-01,"Employed","Not in the labour force (NILF)",250.323629288,"NILF to Employed",273.952752214538
2021-01-01,"Employed","Not in the labour force (NILF)",221.236139755,"NILF to Employed",272.161989829538
2021-02-01,"Employed","Not in the labour force (NILF)",358.842722513,"NILF to Employed",281.048536548154
2021-03-01,"Employed","Not in the labour force (NILF)",225.957417414,"NILF to Employed",271.072994664615
2021-04-01,"Employed","Not in the labour force (NILF)",251.496321964,"NILF to Employed",273.891984349385
2021-05-01,"Employed","Not in the labour force (NILF)",279.804167517,"NILF to Employed",279.228336239385
2021-06-01,"Employed","Not in the labour force (NILF)",217.546193692,"NILF to Employed",269.632144465769
2021-07-01,"Employed","Not in the labour force (NILF)",284.556837634,"NILF to Employed",265.363810199231
2021-08-01,"Employed","Not in the labour force (NILF)",278.261138734,"NILF to Employed",263.378106371077
2021-09-01,"Employed","Not in the labour force (NILF)",289.592445789,"NILF to Employed",265.876749718615
2021-10-01,"Employed","Not in the labour force (NILF)",320.984998095,"NILF to Employed",270.998862271538
2021-11-01,"Employed","Not in the labour force (NILF)",445.727575364,"NILF to Employed",283.517574826308
2021-12-01,"Employed","Not in the labour force (NILF)",293.684701449,"NILF to Employed",286.001099169846
2022-01-01,"Employed","Not in the labour force (NILF)",252.008561427,"NILF to Employed",286.130709334385
2022-02-01,"Employed","Not in the labour force (NILF)",437.840970884,"NILF to Employed",302.792619421231
2022-03-01,"Employed","Not in the labour force (NILF)",244.886438648,"NILF to Employed",294.026751431615
2022-04-01,"Employed","Not in the labour force (NILF)",303.697396302,"NILF to Employed",300.006749807615
2022-05-01,"Employed","Not in the labour force (NILF)",280.669608615,"NILF to Employed",302.250848780769
2022-06-01,"Employed","Not in the labour force (NILF)",246.123535801,"NILF to Employed",299.660030956462
2022-07-01,"Employed","Not in the labour force (NILF)",285.24351206,"NILF to Employed",304.867516984769
2022-08-01,"Employed","Not in the labour force (NILF)",291.316445031,"NILF to Employed",305.387486784538
2022-09-01,"Employed","Not in the labour force (NILF)",273.756340931,"NILF to Employed",305.040963876615
2022-10-01,"Employed","Not in the labour force (NILF)",261.479512976,"NILF to Employed",302.878430583308
2002-11-01,"Employed","Unemployed",101.816397938,"Unemployed to Employed",101.816397938
2002-12-01,"Employed","Unemployed",101.272871666,"Unemployed to Employed",101.544634802
2003-01-01,"Employed","Unemployed",81.829098264,"Unemployed to Employed",94.9727892893333
2003-02-01,"Employed","Unemployed",123.863228784,"Unemployed to Employed",102.195399163
2003-03-01,"Employed","Unemployed",121.830390506,"Unemployed to Employed",106.1223974316
2003-04-01,"Employed","Unemployed",110.379519904,"Unemployed to Employed",106.831917843667
2003-05-01,"Employed","Unemployed",103.084194817,"Unemployed to Employed",106.296528839857
2003-06-01,"Employed","Unemployed",94.712068539,"Unemployed to Employed",104.84847130225
2003-07-01,"Employed","Unemployed",90.860423149,"Unemployed to Employed",103.294243729667
2003-08-01,"Employed","Unemployed",98.470503311,"Unemployed to Employed",102.8118696878
2003-09-01,"Employed","Unemployed",95.459386946,"Unemployed to Employed",102.143462165818
2003-10-01,"Employed","Unemployed",93.426976227,"Unemployed to Employed",101.417088337583
2003-11-01,"Employed","Unemployed",102.473165738,"Unemployed to Employed",101.498325060692
2003-12-01,"Employed","Unemployed",92.750622978,"Unemployed to Employed",100.800957756077
2004-01-01,"Employed","Unemployed",81.152137582,"Unemployed to Employed",99.2532089803846
2004-02-01,"Employed","Unemployed",114.157662572,"Unemployed to Employed",101.740021619462
2004-03-01,"Employed","Unemployed",131.521134324,"Unemployed to Employed",102.329091276385
2004-04-01,"Employed","Unemployed",114.091963633,"Unemployed to Employed",101.733827670769
2004-05-01,"Employed","Unemployed",91.870209127,"Unemployed to Employed",100.310034534077
2004-06-01,"Employed","Unemployed",92.203972207,"Unemployed to Employed",99.4730943333077
2004-07-01,"Employed","Unemployed",98.113364569,"Unemployed to Employed",99.7347324894615
2004-08-01,"Employed","Unemployed",76.564381385,"Unemployed to Employed",98.6350369691538
2004-09-01,"Employed","Unemployed",99.483091968,"Unemployed to Employed",98.7129284043077
2004-10-01,"Employed","Unemployed",111.664549274,"Unemployed to Employed",99.9594793526154
2004-11-01,"Employed","Unemployed",92.095863803,"Unemployed to Employed",99.8570860892308
2004-12-01,"Employed","Unemployed",86.675569908,"Unemployed to Employed",98.64188641
2005-01-01,"Employed","Unemployed",73.298915367,"Unemployed to Employed",97.1456012091538
2005-02-01,"Employed","Unemployed",120.369426988,"Unemployed to Employed",100.162315778846
2005-03-01,"Employed","Unemployed",130.9635603,"Unemployed to Employed",101.455077142538
2005-04-01,"Employed","Unemployed",110.12793508,"Unemployed to Employed",99.8094464314615
2005-05-01,"Employed","Unemployed",93.990571356,"Unemployed to Employed",98.2631854870769
2005-06-01,"Employed","Unemployed",92.44291936,"Unemployed to Employed",98.3072401203846
2005-07-01,"Employed","Unemployed",96.650144574,"Unemployed to Employed",98.6492533793846
2005-08-01,"Employed","Unemployed",80.620114099,"Unemployed to Employed",97.3036187278462
2005-09-01,"Employed","Unemployed",98.200833332,"Unemployed to Employed",98.9679611853077
2005-10-01,"Employed","Unemployed",100.335196669,"Unemployed to Employed",99.0335077007692
2005-11-01,"Employed","Unemployed",95.994217794,"Unemployed to Employed",97.8280975869231
2005-12-01,"Employed","Unemployed",83.946340127,"Unemployed to Employed",97.2012111503077
2006-01-01,"Employed","Unemployed",78.113936303,"Unemployed to Employed",96.5426239499231
2006-02-01,"Employed","Unemployed",120.151786253,"Unemployed to Employed",100.146690941154
2006-03-01,"Employed","Unemployed",131.806511832,"Unemployed to Employed",101.026466698385
2006-04-01,"Employed","Unemployed",107.439753583,"Unemployed to Employed",99.2169431047692
2006-05-01,"Employed","Unemployed",99.599739723,"Unemployed to Employed",98.4070819234615
2006-06-01,"Employed","Unemployed",96.549708642,"Unemployed to Employed",98.6039386377692
2006-07-01,"Employed","Unemployed",89.227676795,"Unemployed to Employed",98.3566122866154
2006-08-01,"Employed","Unemployed",74.472030453,"Unemployed to Employed",96.6506035080769
2006-09-01,"Employed","Unemployed",101.33493687,"Unemployed to Employed",98.2440514135385
2006-10-01,"Employed","Unemployed",98.543656265,"Unemployed to Employed",98.2704224083846
2006-11-01,"Employed","Unemployed",90.084067344,"Unemployed to Employed",97.4818739987692
2006-12-01,"Employed","Unemployed",91.554036736,"Unemployed to Employed",97.1403216096923
2007-01-01,"Employed","Unemployed",78.45788922,"Unemployed to Employed",96.7181330783846
2007-02-01,"Employed","Unemployed",128.23939053,"Unemployed to Employed",100.573937249692
2007-03-01,"Employed","Unemployed",123.755910779,"Unemployed to Employed",100.851177597846
2007-04-01,"Employed","Unemployed",97.987819009,"Unemployed to Employed",98.2497396883846
2007-05-01,"Employed","Unemployed",91.15502915,"Unemployed to Employed",96.9970685781538
2007-06-01,"Employed","Unemployed",94.031902349,"Unemployed to Employed",96.5687733955385
2007-07-01,"Employed","Unemployed",95.826238845,"Unemployed to Employed",96.5131218726923
2007-08-01,"Employed","Unemployed",85.274476953,"Unemployed to Employed",96.2090295771539
2007-09-01,"Employed","Unemployed",110.000402953,"Unemployed to Employed",98.9419813079231
2007-10-01,"Employed","Unemployed",84.146362792,"Unemployed to Employed",97.6197833019231
2007-11-01,"Employed","Unemployed",95.154637746,"Unemployed to Employed",97.3590895696923
2007-12-01,"Employed","Unemployed",90.247803036,"Unemployed to Employed",97.3716846229231
2008-01-01,"Employed","Unemployed",89.228476027,"Unemployed to Employed",97.1927953376154
2008-02-01,"Employed","Unemployed",111.066979236,"Unemployed to Employed",99.7011868773077
2008-03-01,"Employed","Unemployed",104.627098113,"Unemployed to Employed",97.8848566913846
2008-04-01,"Employed","Unemployed",86.177050021,"Unemployed to Employed",94.9941750946154
2008-05-01,"Employed","Unemployed",106.74471486,"Unemployed to Employed",95.6677824677692
2008-06-01,"Employed","Unemployed",89.321753006,"Unemployed to Employed",95.5267612259231
2008-07-01,"Employed","Unemployed",89.784908535,"Unemployed to Employed",95.2000693940769
2008-08-01,"Employed","Unemployed",94.83475893,"Unemployed to Employed",95.1238017083077
2008-09-01,"Employed","Unemployed",89.673229216,"Unemployed to Employed",95.462167267
2008-10-01,"Employed","Unemployed",94.897566241,"Unemployed to Employed",94.3004105968461
2008-11-01,"Employed","Unemployed",98.939463667,"Unemployed to Employed",95.4383414333846
2008-12-01,"Employed","Unemployed",92.100839911,"Unemployed to Employed",95.2034339076154
2009-01-01,"Employed","Unemployed",80.763845453,"Unemployed to Employed",94.4738987089231
2009-02-01,"Employed","Unemployed",102.612012639,"Unemployed to Employed",95.5034015252308
2009-03-01,"Employed","Unemployed",118.405920848,"Unemployed to Employed",96.0679354953846
2009-04-01,"Employed","Unemployed",115.492237649,"Unemployed to Employed",96.9037154596923
2009-05-01,"Employed","Unemployed",104.464386075,"Unemployed to Employed",98.3104336176923
2009-06-01,"Employed","Unemployed",96.468968446,"Unemployed to Employed",97.5199915858462
2009-07-01,"Employed","Unemployed",110.811515264,"Unemployed to Employed",99.1730502210769
2009-08-01,"Employed","Unemployed",102.822286484,"Unemployed to Employed",100.175925447923
2009-09-01,"Employed","Unemployed",108.80661782,"Unemployed to Employed",101.250683824077
2009-10-01,"Employed","Unemployed",110.189590585,"Unemployed to Employed",102.828865467846
2009-11-01,"Employed","Unemployed",90.1551609,"Unemployed to Employed",102.464065057
2009-12-01,"Employed","Unemployed",113.948227448,"Unemployed to Employed",103.618585347846
2010-01-01,"Employed","Unemployed",90.478230985,"Unemployed to Employed",103.493769276615
2010-02-01,"Employed","Unemployed",124.456542927,"Unemployed to Employed",106.854746005385
2010-03-01,"Employed","Unemployed",130.122123139,"Unemployed to Employed",108.970908351538
2010-04-01,"Employed","Unemployed",117.005128047,"Unemployed to Employed",108.863155059154
2010-05-01,"Employed","Unemployed",109.155383934,"Unemployed to Employed",108.375704773385
2010-06-01,"Employed","Unemployed",103.823825589,"Unemployed to Employed",108.326430889846
2010-07-01,"Employed","Unemployed",99.259435413,"Unemployed to Employed",108.541082195
2010-08-01,"Employed","Unemployed",95.170093724,"Unemployed to Employed",107.337895922692
2010-09-01,"Employed","Unemployed",93.501077323,"Unemployed to Employed",106.620879833385
2010-10-01,"Employed","Unemployed",109.922918926,"Unemployed to Employed",106.706749149231
2010-11-01,"Employed","Unemployed",107.073163563,"Unemployed to Employed",106.467023993692
2010-12-01,"Employed","Unemployed",108.662268901,"Unemployed to Employed",107.890647686077
2011-01-01,"Employed","Unemployed",78.261366275,"Unemployed to Employed",105.145504518923
2011-02-01,"Employed","Unemployed",120.486451416,"Unemployed to Employed",107.453829167462
2011-03-01,"Employed","Unemployed",129.839915203,"Unemployed to Employed",107.867934727154
2011-04-01,"Employed","Unemployed",120.495308639,"Unemployed to Employed",107.127410534846
2011-05-01,"Employed","Unemployed",97.031694391,"Unemployed to Employed",105.590992561308
2011-06-01,"Employed","Unemployed",93.502907259,"Unemployed to Employed",104.386955894
2011-07-01,"Employed","Unemployed",93.632029822,"Unemployed to Employed",103.602971604231
2011-08-01,"Employed","Unemployed",97.800541649,"Unemployed to Employed",103.490749007
2011-09-01,"Employed","Unemployed",128.238436469,"Unemployed to Employed",106.034467679692
2011-10-01,"Employed","Unemployed",104.631522896,"Unemployed to Employed",106.890655800692
2011-11-01,"Employed","Unemployed",99.087010128,"Unemployed to Employed",106.057124354692
2011-12-01,"Employed","Unemployed",99.028655446,"Unemployed to Employed",105.438316038
2012-01-01,"Employed","Unemployed",88.253052705,"Unemployed to Employed",103.868376330615
2012-02-01,"Employed","Unemployed",126.564224765,"Unemployed to Employed",107.583980829846
2012-03-01,"Employed","Unemployed",141.185155969,"Unemployed to Employed",109.176188872385
2012-04-01,"Employed","Unemployed",110.962361059,"Unemployed to Employed",107.724069322846
2012-05-01,"Employed","Unemployed",101.160301114,"Unemployed to Employed",106.236761051692
2012-06-01,"Employed","Unemployed",102.77963799,"Unemployed to Employed",106.678910559308
2012-07-01,"Employed","Unemployed",83.217132445,"Unemployed to Employed",105.887697112077
2012-08-01,"Employed","Unemployed",86.194280838,"Unemployed to Employed",105.315562574846
2012-09-01,"Employed","Unemployed",99.426286896,"Unemployed to Employed",105.440619901538
2012-10-01,"Employed","Unemployed",117.821006983,"Unemployed to Employed",104.639279171846
2012-11-01,"Employed","Unemployed",111.629557758,"Unemployed to Employed",105.177589545846
2012-12-01,"Employed","Unemployed",104.801733578,"Unemployed to Employed",105.617183657385
2013-01-01,"Employed","Unemployed",81.280747461,"Unemployed to Employed",104.251959966231
2013-02-01,"Employed","Unemployed",120.647784822,"Unemployed to Employed",106.743862436769
2013-03-01,"Employed","Unemployed",128.572466379,"Unemployed to Employed",106.898342560923
2013-04-01,"Employed","Unemployed",105.450811363,"Unemployed to Employed",104.149546822
2013-05-01,"Employed","Unemployed",87.391827445,"Unemployed to Employed",102.336428851692
2013-06-01,"Employed","Unemployed",90.983953722,"Unemployed to Employed",101.553632898462
2013-07-01,"Employed","Unemployed",73.522411637,"Unemployed to Employed",99.3030770251538
2013-08-01,"Employed","Unemployed",89.514209897,"Unemployed to Employed",99.7874675983846
2013-09-01,"Employed","Unemployed",106.772528175,"Unemployed to Employed",101.370409701231
2013-10-01,"Employed","Unemployed",105.826995625,"Unemployed to Employed",101.862771911154
2013-11-01,"Employed","Unemployed",108.009828622,"Unemployed to Employed",101.108065883385
2013-12-01,"Employed","Unemployed",99.81692004,"Unemployed to Employed",100.199401443538
2014-01-01,"Employed","Unemployed",109.524308402,"Unemployed to Employed",100.56267643
2014-02-01,"Employed","Unemployed",142.383090142,"Unemployed to Employed",105.262856636231
2014-03-01,"Employed","Unemployed",155.969009026,"Unemployed to Employed",107.979873882692
2014-04-01,"Employed","Unemployed",114.911868885,"Unemployed to Employed",106.929058690846
2014-05-01,"Employed","Unemployed",106.449384372,"Unemployed to Employed",107.005871999231
2014-06-01,"Employed","Unemployed",107.692199857,"Unemployed to Employed",108.567439107846
2014-07-01,"Employed","Unemployed",95.791014095,"Unemployed to Employed",108.937212982692
2014-08-01,"Employed","Unemployed",110.015476817,"Unemployed to Employed",111.744371842692
2014-09-01,"Employed","Unemployed",109.939902175,"Unemployed to Employed",113.315578941
2014-10-01,"Employed","Unemployed",118.346563356,"Unemployed to Employed",114.205889339538
2014-11-01,"Employed","Unemployed",123.857109551,"Unemployed to Employed",115.59282118
2014-12-01,"Employed","Unemployed",108.800961627,"Unemployed to Employed",115.653677565
2015-01-01,"Employed","Unemployed",77.964451831,"Unemployed to Employed",113.972718472
2015-02-01,"Employed","Unemployed",147.258828453,"Unemployed to Employed",116.875373860538
2015-03-01,"Employed","Unemployed",130.459136806,"Unemployed to Employed",115.958146680846
2015-04-01,"Employed","Unemployed",111.392165401,"Unemployed to Employed",112.529158709692
2015-05-01,"Employed","Unemployed",136.755912572,"Unemployed to Employed",114.209469762538
2015-06-01,"Employed","Unemployed",86.137624507,"Unemployed to Employed",112.647026696
2015-07-01,"Employed","Unemployed",82.699934159,"Unemployed to Employed",110.724544719231
2015-08-01,"Employed","Unemployed",119.539967647,"Unemployed to Employed",112.551387300154
2015-09-01,"Employed","Unemployed",112.148633888,"Unemployed to Employed",112.715476305615
2015-10-01,"Employed","Unemployed",123.174076661,"Unemployed to Employed",113.733489727615
2015-11-01,"Employed","Unemployed",101.960763482,"Unemployed to Employed",112.473043583462
2015-12-01,"Employed","Unemployed",109.397371848,"Unemployed to Employed",111.360756067846
2016-01-01,"Employed","Unemployed",84.97419432,"Unemployed to Employed",109.527927813462
2016-02-01,"Employed","Unemployed",143.925089834,"Unemployed to Employed",114.601823044462
2016-03-01,"Employed","Unemployed",133.954558743,"Unemployed to Employed",113.578417682154
2016-04-01,"Employed","Unemployed",127.753105892,"Unemployed to Employed",113.370261458
2016-05-01,"Employed","Unemployed",111.9098202,"Unemployed to Employed",113.410081057923
2016-06-01,"Employed","Unemployed",106.713565956,"Unemployed to Employed",111.099131318231
2016-07-01,"Employed","Unemployed",113.440965506,"Unemployed to Employed",113.199388318154
2016-08-01,"Employed","Unemployed",108.002519968,"Unemployed to Employed",115.145741072692
2016-09-01,"Employed","Unemployed",114.032220324,"Unemployed to Employed",114.722068201692
2016-10-01,"Employed","Unemployed",123.305628965,"Unemployed to Employed",115.580298592231
2016-11-01,"Employed","Unemployed",106.674711251,"Unemployed to Employed",114.311116637615
2016-12-01,"Employed","Unemployed",120.55335612,"Unemployed to Employed",115.741316071308
2017-01-01,"Employed","Unemployed",87.156504147,"Unemployed to Employed",114.030480094308
2017-02-01,"Employed","Unemployed",136.077015495,"Unemployed to Employed",117.961466338538
2017-03-01,"Employed","Unemployed",149.122126044,"Unemployed to Employed",118.361238354692
2017-04-01,"Employed","Unemployed",139.682595647,"Unemployed to Employed",118.801856578077
2017-05-01,"Employed","Unemployed",101.693230759,"Unemployed to Employed",116.797250798615
2017-06-01,"Employed","Unemployed",114.096658371,"Unemployed to Employed",116.965469119462
2017-07-01,"Employed","Unemployed",105.395837394,"Unemployed to Employed",116.864105383923
2017-08-01,"Employed","Unemployed",114.332276229,"Unemployed to Employed",116.932667747231
2017-09-01,"Employed","Unemployed",126.643487266,"Unemployed to Employed",118.366588308615
2017-10-01,"Employed","Unemployed",116.247259562,"Unemployed to Employed",118.536975942308
2017-11-01,"Employed","Unemployed",108.950498147,"Unemployed to Employed",117.432735110154
2017-12-01,"Employed","Unemployed",110.073374874,"Unemployed to Employed",117.694170773462
2018-01-01,"Employed","Unemployed",87.717626204,"Unemployed to Employed",115.168345395308
2018-02-01,"Employed","Unemployed",142.538702287,"Unemployed to Employed",119.428514483
2018-03-01,"Employed","Unemployed",139.01965276,"Unemployed to Employed",119.654871195692
2018-04-01,"Employed","Unemployed",100.921127591,"Unemployed to Employed",115.947102083923
2018-05-01,"Employed","Unemployed",111.305153286,"Unemployed to Employed",113.764221902308
2018-06-01,"Employed","Unemployed",99.758569876,"Unemployed to Employed",113.615401834385
2018-07-01,"Employed","Unemployed",106.385645059,"Unemployed to Employed",113.022246964231
2018-08-01,"Employed","Unemployed",101.065476118,"Unemployed to Employed",112.689142250692
2018-09-01,"Employed","Unemployed",129.469591383,"Unemployed to Employed",113.853551108692
2018-10-01,"Employed","Unemployed",91.602847383,"Unemployed to Employed",111.158117271538
2018-11-01,"Employed","Unemployed",98.179201041,"Unemployed to Employed",109.768266616077
2018-12-01,"Employed","Unemployed",112.189144049,"Unemployed to Employed",110.017393223923
2019-01-01,"Employed","Unemployed",101.823221844,"Unemployed to Employed",109.382766067769
2019-02-01,"Employed","Unemployed",137.488586855,"Unemployed to Employed",113.211301502462
2019-03-01,"Employed","Unemployed",127.34684963,"Unemployed to Employed",112.042697451923
2019-04-01,"Employed","Unemployed",121.508762069,"Unemployed to Employed",110.695705860308
2019-05-01,"Employed","Unemployed",109.125231694,"Unemployed to Employed",111.326790791308
2019-06-01,"Employed","Unemployed",110.927370875,"Unemployed to Employed",111.297730605846
2019-07-01,"Employed","Unemployed",108.958799088,"Unemployed to Employed",112.005440545231
2019-08-01,"Employed","Unemployed",125.280075085,"Unemployed to Employed",113.458858239538
2019-09-01,"Employed","Unemployed",119.94114555,"Unemployed to Employed",114.910832811231
2019-10-01,"Employed","Unemployed",102.383387767,"Unemployed to Employed",112.827278686923
2019-11-01,"Employed","Unemployed",109.710559954,"Unemployed to Employed",114.220179653923
2019-12-01,"Employed","Unemployed",111.923713554,"Unemployed to Employed",115.277449847231
2020-01-01,"Employed","Unemployed",91.582565942,"Unemployed to Employed",113.692328454385
2020-02-01,"Employed","Unemployed",157.288062076,"Unemployed to Employed",117.958854626077
2020-03-01,"Employed","Unemployed",138.427741493,"Unemployed to Employed",118.031097290538
2020-04-01,"Employed","Unemployed",80.493354922,"Unemployed to Employed",114.426982313
2020-05-01,"Employed","Unemployed",131.090163932,"Unemployed to Employed",115.164013225538
2020-06-01,"Employed","Unemployed",159.157327841,"Unemployed to Employed",119.012636006077
2020-07-01,"Employed","Unemployed",155.167737901,"Unemployed to Employed",122.415741161923
2020-08-01,"Employed","Unemployed",171.236051451,"Unemployed to Employed",127.206299036
2020-09-01,"Employed","Unemployed",139.175515116,"Unemployed to Employed",128.275179038385
2020-10-01,"Employed","Unemployed",157.29503623,"Unemployed to Employed",131.148555244538
2020-11-01,"Employed","Unemployed",167.609634915,"Unemployed to Employed",136.165958871308
2020-12-01,"Employed","Unemployed",160.924711383,"Unemployed to Employed",140.105508981231
2021-01-01,"Employed","Unemployed",110.333628374,"Unemployed to Employed",139.983194736615
2021-02-01,"Employed","Unemployed",179.074818552,"Unemployed to Employed",146.713368014308
2021-03-01,"Employed","Unemployed",154.459189725,"Unemployed to Employed",146.495762448846
2021-04-01,"Employed","Unemployed",148.534769372,"Unemployed to Employed",147.273226131846
2021-05-01,"Employed","Unemployed",132.81284986,"Unemployed to Employed",151.297802665538
2021-06-01,"Employed","Unemployed",121.346387642,"Unemployed to Employed",150.548281412462
2021-07-01,"Employed","Unemployed",124.273055423,"Unemployed to Employed",147.864875841846
2021-08-01,"Employed","Unemployed",99.310273612,"Unemployed to Employed",143.568147819615
2021-09-01,"Employed","Unemployed",132.467982505,"Unemployed to Employed",140.585988669923
2021-10-01,"Employed","Unemployed",117.756421956,"Unemployed to Employed",138.938366119154
2021-11-01,"Employed","Unemployed",204.065826436,"Unemployed to Employed",142.536119211923
2021-12-01,"Employed","Unemployed",136.629612601,"Unemployed to Employed",140.153040572385
2022-01-01,"Employed","Unemployed",98.409898668,"Unemployed to Employed",135.344208825077
2022-02-01,"Employed","Unemployed",146.537999501,"Unemployed to Employed",138.129160450231
2022-03-01,"Employed","Unemployed",121.28741155,"Unemployed to Employed",133.683975296231
2022-04-01,"Employed","Unemployed",152.388550212,"Unemployed to Employed",133.524695333692
2022-05-01,"Employed","Unemployed",97.39488646,"Unemployed to Employed",129.590858186615
2022-06-01,"Employed","Unemployed",105.182136765,"Unemployed to Employed",127.465418717769
2022-07-01,"Employed","Unemployed",114.684915259,"Unemployed to Employed",126.952997765231
2022-08-01,"Employed","Unemployed",83.799837064,"Unemployed to Employed",123.839673276077
2022-09-01,"Employed","Unemployed",112.551803445,"Unemployed to Employed",124.858252494
2022-10-01,"Employed","Unemployed",91.117844874,"Unemployed to Employed",121.677472676231
